,screen_name,id,followers,friends,number_tweets,number_tweets_intervals,mean_interval_tweets,variance_interval_tweets,standard_deviation_interval_tweets,number_tweets_week,monday_relative_frequence,tuesday_relative_frequence,wednesday_relative_frequence,thursday_relative_frequence,friday_relative_frequence,saturday_relative_frequence,sunday_relative_frequence,mean_day_week,variance_day_week,standard_deviation_day_week,number_hashtags,hashtag_per_tweet,profile_image_url,profile_image_url_https
0,brunoneyo,336283401,842,1035,200,186,1.21,0.50,0.71,200,0.065,0.125,0.43,0.19,0.19,0.0,0.0,28.57,766.24,27.68,120,1.00,http://pbs.twimg.com/profile_images/1462700052/pret_o_002_002_normal.jpg,https://pbs.twimg.com/profile_images/1462700052/pret_o_002_002_normal.jpg
1,panterafreitas,901590587098497024,1957,2954,200,160,3239.41,36275680.58,6022.93,200,0.18,0.095,0.17,0.345,0.105,0.04,0.065,28.57,361.96,19.03,2,2.00,http://pbs.twimg.com/profile_images/937543773810319360/BYpKq7yn_normal.jpg,https://pbs.twimg.com/profile_images/937543773810319360/BYpKq7yn_normal.jpg
2,Rosilen68042075,996190029021138945,327,1254,200,168,7.35,162.50,12.75,200,0.06,0.02,0.21,0.135,0.12,0.015,0.44,28.57,752.53,27.43,12,1.50,http://pbs.twimg.com/profile_images/996191650794926080/KhG7OHEA_normal.jpg,https://pbs.twimg.com/profile_images/996191650794926080/KhG7OHEA_normal.jpg
3,edcassioneves,292017996,64,678,200,154,417.67,801808.10,895.44,200,0.21,0.085,0.07,0.13,0.14,0.315,0.05,28.57,294.82,17.17,139,1.22,http://pbs.twimg.com/profile_images/1004701104096120835/zKPs3Mj4_normal.jpg,https://pbs.twimg.com/profile_images/1004701104096120835/zKPs3Mj4_normal.jpg
4,Mirella_PB30,898569160048947200,63,30,200,184,1.27,0.40,0.64,200,0.115,0.005,0.21,0.67,0.0,0.0,0.0,28.57,2076.53,45.57,0,0.00,http://pbs.twimg.com/profile_images/921724318584799232/g_ySxYrQ_normal.jpg,https://pbs.twimg.com/profile_images/921724318584799232/g_ySxYrQ_normal.jpg
5,salomaobetaSDV,988813520853749762,87,439,200,136,1.00,0.00,0.00,200,0.1,0.095,0.0,0.125,0.125,0.215,0.34,28.57,395.67,19.89,1,1.00,http://pbs.twimg.com/profile_images/1000561043897311233/sa4Vzdoy_normal.jpg,https://pbs.twimg.com/profile_images/1000561043897311233/sa4Vzdoy_normal.jpg
6,andreia_bacelar,3021422896,1665,2107,200,167,1.28,0.50,0.71,200,0.42,0.015,0.0,0.315,0.05,0.03,0.17,28.57,944.53,30.73,5,1.00,http://pbs.twimg.com/profile_images/563795304752103424/d0fpw0sr_normal.jpeg,https://pbs.twimg.com/profile_images/563795304752103424/d0fpw0sr_normal.jpeg
7,BarbosaClerio,895390404635447297,2867,4989,200,171,1.07,0.45,0.67,200,0.13,0.005,0.315,0.25,0.005,0.015,0.28,28.57,653.96,25.57,10,1.00,http://abs.twimg.com/sticky/default_profile_images/default_profile_normal.png,https://abs.twimg.com/sticky/default_profile_images/default_profile_normal.png
8,fabioconde,34275244,163,120,200,184,33463.83,1407326613.63,37514.35,200,0.125,0.19,0.105,0.13,0.2,0.13,0.12,28.57,46.24,6.80,123,3.73,http://pbs.twimg.com/profile_images/725121766952165376/VaAMSzE4_normal.jpg,https://pbs.twimg.com/profile_images/725121766952165376/VaAMSzE4_normal.jpg
9,alequixandro19,954798368563302400,492,677,200,158,1.56,1.60,1.27,200,0.015,0.07,0.33,0.355,0.225,0.005,0.0,28.57,844.82,29.07,6,1.00,http://pbs.twimg.com/profile_images/1001794210364878848/Rp8xEkJb_normal.jpg,https://pbs.twimg.com/profile_images/1001794210364878848/Rp8xEkJb_normal.jpg
10,Anderso65647841,957289771738566656,482,504,200,177,18005.12,1068772996.73,32692.09,200,0.1,0.09,0.055,0.575,0.1,0.045,0.035,28.57,1269.39,35.63,134,1.25,http://pbs.twimg.com/profile_images/974212218131755008/yE7u9bGj_normal.jpg,https://pbs.twimg.com/profile_images/974212218131755008/yE7u9bGj_normal.jpg
11,eusousabara,714572887,1748,1216,200,174,42753.26,2228754247.34,47209.68,200,0.175,0.17,0.195,0.215,0.135,0.065,0.045,28.57,145.10,12.05,392,3.70,http://pbs.twimg.com/profile_images/557223474305835008/OzspW5-W_normal.png,https://pbs.twimg.com/profile_images/557223474305835008/OzspW5-W_normal.png
12,MarlonVasco88,869924966527053825,869,2211,200,168,1.11,0.37,0.61,200,0.13,0.415,0.055,0.125,0.0,0.215,0.06,28.57,655.67,25.61,283,1.56,http://pbs.twimg.com/profile_images/973660915525718017/GdSBUn8u_normal.jpg,https://pbs.twimg.com/profile_images/973660915525718017/GdSBUn8u_normal.jpg
13,braga1970,1089100753,9013,6783,200,142,1.00,0.00,0.00,200,0.22,0.41,0.12,0.195,0.055,0.0,0.0,28.57,737.67,27.16,6,1.00,http://pbs.twimg.com/profile_images/763087813566922752/62YBMhzO_normal.jpg,https://pbs.twimg.com/profile_images/763087813566922752/62YBMhzO_normal.jpg
14,WellersonZeiro,38848418,16348,16309,200,170,1011.66,1987096.35,1409.64,200,0.13,0.3,0.125,0.17,0.075,0.085,0.115,28.57,197.96,14.07,13,1.00,http://pbs.twimg.com/profile_images/943503872491999232/wGPRBsCW_normal.jpg,https://pbs.twimg.com/profile_images/943503872491999232/wGPRBsCW_normal.jpg
15,jonathanjazzaaz,4497382828,1092,1669,200,177,1.23,0.73,0.86,200,0.0,0.5,0.0,0.32,0.18,0.0,0.0,28.57,1382.53,37.18,190,1.00,http://pbs.twimg.com/profile_images/678159421944500224/N91dq1Xr_normal.jpg,https://pbs.twimg.com/profile_images/678159421944500224/N91dq1Xr_normal.jpg
16,rlaert,2871096867,438,526,200,181,1.18,0.48,0.69,200,0.24,0.16,0.215,0.145,0.24,0.0,0.0,28.57,372.53,19.30,132,1.00,http://pbs.twimg.com/profile_images/607277242901753856/nOBmlGzn_normal.jpg,https://pbs.twimg.com/profile_images/607277242901753856/nOBmlGzn_normal.jpg
17,fpalenciasoares,923213947838361600,277,3605,200,163,86.86,5705.48,75.53,200,0.335,0.19,0.065,0.045,0.055,0.0,0.31,28.57,633.39,25.17,16,1.23,http://pbs.twimg.com/profile_images/948660091804438528/fOsp3E2S_normal.jpg,https://pbs.twimg.com/profile_images/948660091804438528/fOsp3E2S_normal.jpg
18,SolarDoEngenho,605714520,74,128,200,198,216546.17,27060023960.27,164499.31,200,0.065,0.175,0.18,0.23,0.28,0.05,0.02,28.57,334.82,18.30,3,1.50,http://pbs.twimg.com/profile_images/2299455185/Avatar_Solar_do_Engenho_normal.jpg,https://pbs.twimg.com/profile_images/2299455185/Avatar_Solar_do_Engenho_normal.jpg
19,edcassioneves,292017996,64,678,200,154,417.67,801808.10,895.44,200,0.21,0.085,0.07,0.13,0.14,0.315,0.05,28.57,294.82,17.17,139,1.22,http://pbs.twimg.com/profile_images/1004701104096120835/zKPs3Mj4_normal.jpg,https://pbs.twimg.com/profile_images/1004701104096120835/zKPs3Mj4_normal.jpg
20,salomaobetaSDV,988813520853749762,87,439,200,136,1.00,0.00,0.00,200,0.1,0.095,0.0,0.125,0.125,0.215,0.34,28.57,395.67,19.89,1,1.00,http://pbs.twimg.com/profile_images/1000561043897311233/sa4Vzdoy_normal.jpg,https://pbs.twimg.com/profile_images/1000561043897311233/sa4Vzdoy_normal.jpg
21,Rosilen68042075,996190029021138945,327,1254,200,168,7.35,162.50,12.75,200,0.06,0.02,0.21,0.135,0.12,0.015,0.44,28.57,752.53,27.43,12,1.50,http://pbs.twimg.com/profile_images/996191650794926080/KhG7OHEA_normal.jpg,https://pbs.twimg.com/profile_images/996191650794926080/KhG7OHEA_normal.jpg
22,marcelocastanh9,879910366498652160,1019,2018,200,171,1.35,0.51,0.71,200,0.31,0.39,0.0,0.05,0.25,0.0,0.0,28.57,973.39,31.20,0,0.00,http://pbs.twimg.com/profile_images/879912398639026177/B_0np7Ol_normal.jpg,https://pbs.twimg.com/profile_images/879912398639026177/B_0np7Ol_normal.jpg
23,jefferson_cl04,140210964,131,368,200,157,44.98,13284.40,115.26,200,0.4,0.45,0.055,0.025,0.025,0.025,0.02,28.57,1285.39,35.85,72,1.14,http://pbs.twimg.com/profile_images/996202783467540480/tQIuzBOX_normal.jpg,https://pbs.twimg.com/profile_images/996202783467540480/tQIuzBOX_normal.jpg
24,MuriloMelo1,373488040,372,973,200,153,1.13,0.31,0.56,200,0.155,0.13,0.015,0.215,0.12,0.18,0.185,28.57,145.96,12.08,10,1.00,http://pbs.twimg.com/profile_images/1543787924/mu2_normal.jpg,https://pbs.twimg.com/profile_images/1543787924/mu2_normal.jpg
25,_Viih_Caroline,3002392231,205,430,200,157,1376.85,9858852.26,3139.88,200,0.135,0.19,0.26,0.135,0.03,0.045,0.205,28.57,241.39,15.54,0,0.00,http://pbs.twimg.com/profile_images/996819012842639360/Qvtz0Iij_normal.jpg,https://pbs.twimg.com/profile_images/996819012842639360/Qvtz0Iij_normal.jpg
26,JoviaLima,937294115355623424,2337,3111,200,186,1.18,0.36,0.60,200,0.095,0.27,0.23,0.215,0.19,0.0,0.0,28.57,424.53,20.60,0,0.00,http://pbs.twimg.com/profile_images/938408243650613248/XHnPe3Dv_normal.jpg,https://pbs.twimg.com/profile_images/938408243650613248/XHnPe3Dv_normal.jpg
27,Tmsr89rodrigues,954072775249092609,1076,1203,200,173,1.57,1.26,1.12,200,0.0,0.505,0.495,0.0,0.0,0.0,0.0,28.57,2041.10,45.18,1,1.00,http://abs.twimg.com/sticky/default_profile_images/default_profile_normal.png,https://abs.twimg.com/sticky/default_profile_images/default_profile_normal.png
28,lamzisk,3309129561,285,390,200,133,1.00,0.00,0.00,200,0.245,0.12,0.225,0.155,0.095,0.005,0.155,28.57,224.53,14.98,246,1.50,http://pbs.twimg.com/profile_images/995669505018925056/1JS3BaMV_normal.jpg,https://pbs.twimg.com/profile_images/995669505018925056/1JS3BaMV_normal.jpg
29,ednelsonandr13,824404707502387204,2010,2264,200,158,0.99,0.24,0.49,200,0.15,0.415,0.13,0.02,0.125,0.015,0.145,28.57,605.96,24.62,5,1.67,http://pbs.twimg.com/profile_images/959021798271717376/dNHZY4Z5_normal.jpg,https://pbs.twimg.com/profile_images/959021798271717376/dNHZY4Z5_normal.jpg
30,BRUNAASOTERO,2352006216,425,548,200,179,1.05,0.45,0.67,200,0.0,0.095,0.535,0.37,0.0,0.0,0.0,28.57,1653.10,40.66,8,1.00,http://abs.twimg.com/sticky/default_profile_images/default_profile_normal.png,https://abs.twimg.com/sticky/default_profile_images/default_profile_normal.png
31,WellSchi7,825014590853545985,818,1220,200,185,1.19,0.43,0.66,200,0.39,0.2,0.31,0.0,0.1,0.0,0.0,28.57,887.67,29.79,19,1.73,http://pbs.twimg.com/profile_images/826483978844651520/kYnX3CzV_normal.jpg,https://pbs.twimg.com/profile_images/826483978844651520/kYnX3CzV_normal.jpg
32,erlan_diercule,2993368089,9389,8413,200,161,5230.66,6194726.83,2488.92,200,0.15,0.15,0.15,0.15,0.105,0.15,0.145,28.57,9.67,3.11,56,1.56,http://pbs.twimg.com/profile_images/603246122426040322/yFqSM588_normal.jpg,https://pbs.twimg.com/profile_images/603246122426040322/yFqSM588_normal.jpg
33,jbpereirarj,98622893,10706,5865,200,158,1207.58,13690186.46,3700.03,200,0.125,0.185,0.055,0.23,0.16,0.105,0.14,28.57,109.39,10.46,142,3.02,http://pbs.twimg.com/profile_images/932934366141001728/Ck0dkf1M_normal.jpg,https://pbs.twimg.com/profile_images/932934366141001728/Ck0dkf1M_normal.jpg
34,EderFlixdacruz2,853043347509972993,254,570,200,159,13.13,1032.10,32.13,200,0.08,0.3,0.13,0.31,0.08,0.05,0.05,28.57,445.39,21.10,13,1.08,http://pbs.twimg.com/profile_images/1001542597675048961/mJ4bbSNO_normal.jpg,https://pbs.twimg.com/profile_images/1001542597675048961/mJ4bbSNO_normal.jpg
35,Leandro39177566,875052500411449344,776,1431,200,180,41211.89,4152376766.29,64438.94,200,0.09,0.21,0.1,0.25,0.115,0.105,0.13,28.57,131.39,11.46,296,3.25,http://pbs.twimg.com/profile_images/886688862713597952/BwoJ6Cbk_normal.jpg,https://pbs.twimg.com/profile_images/886688862713597952/BwoJ6Cbk_normal.jpg
36,JCOLET,52544027,120604,120708,200,166,4026.71,33779846.84,5812.04,200,0.15,0.17,0.205,0.16,0.145,0.085,0.085,28.57,66.53,8.16,13,1.44,http://pbs.twimg.com/profile_images/1004516628363726848/ZAScWPFQ_normal.jpg,https://pbs.twimg.com/profile_images/1004516628363726848/ZAScWPFQ_normal.jpg
37,jeovarhbrito,1416542654,1662,1882,200,179,1.16,0.38,0.62,200,0.0,0.215,0.015,0.005,0.26,0.275,0.23,28.57,569.96,23.87,8,1.00,http://pbs.twimg.com/profile_images/1004473611745419264/1PI5MjxS_normal.jpg,https://pbs.twimg.com/profile_images/1004473611745419264/1PI5MjxS_normal.jpg
38,CarlosA43132926,956629914446417920,1400,1643,200,184,1.15,0.46,0.68,200,0.215,0.39,0.0,0.0,0.115,0.28,0.0,28.57,840.53,28.99,60,1.00,http://pbs.twimg.com/profile_images/956956045989109760/vhwEez38_normal.jpg,https://pbs.twimg.com/profile_images/956956045989109760/vhwEez38_normal.jpg
39,AlexBBetaLab,878256612905033728,1302,1828,200,152,1.20,0.16,0.40,200,0.185,0.335,0.12,0.24,0.12,0.0,0.0,28.57,514.24,22.68,97,1.00,http://pbs.twimg.com/profile_images/881281076395749376/9XTS_rNM_normal.jpg,https://pbs.twimg.com/profile_images/881281076395749376/9XTS_rNM_normal.jpg
40,alinecrisia,204490855,150,170,200,159,219.06,177912.44,421.80,200,0.17,0.205,0.015,0.02,0.005,0.11,0.475,28.57,951.10,30.84,16,1.14,http://pbs.twimg.com/profile_images/580802535390347264/DTiv0SSl_normal.jpg,https://pbs.twimg.com/profile_images/580802535390347264/DTiv0SSl_normal.jpg
41,jjpgprlima,2902283309,911,1326,200,120,1.00,0.00,0.00,200,0.045,0.365,0.415,0.095,0.0,0.0,0.08,28.57,1028.82,32.08,176,1.01,http://pbs.twimg.com/profile_images/539767221602754560/3-3zmDA4_normal.jpeg,https://pbs.twimg.com/profile_images/539767221602754560/3-3zmDA4_normal.jpeg
42,waguinhomaiia73,916679808746184704,36,125,200,175,16411.02,897367786.91,29956.10,200,0.13,0.185,0.125,0.165,0.15,0.1,0.145,28.57,26.53,5.15,2,1.00,http://pbs.twimg.com/profile_images/948401603895230465/vbn7JkKd_normal.jpg,https://pbs.twimg.com/profile_images/948401603895230465/vbn7JkKd_normal.jpg
43,brunoneyo,336283401,842,1035,200,186,1.21,0.50,0.71,200,0.065,0.125,0.43,0.19,0.19,0.0,0.0,28.57,766.24,27.68,120,1.00,http://pbs.twimg.com/profile_images/1462700052/pret_o_002_002_normal.jpg,https://pbs.twimg.com/profile_images/1462700052/pret_o_002_002_normal.jpg
44,CarlosA43132926,956629914446417920,1400,1643,200,184,1.15,0.46,0.68,200,0.215,0.39,0.0,0.0,0.115,0.28,0.0,28.57,840.53,28.99,60,1.00,http://pbs.twimg.com/profile_images/956956045989109760/vhwEez38_normal.jpg,https://pbs.twimg.com/profile_images/956956045989109760/vhwEez38_normal.jpg
45,BrunoPira23,2744844171,1543,2533,200,129,1.00,0.00,0.00,200,0.105,0.0,0.645,0.19,0.0,0.06,0.0,28.57,1850.82,43.02,21,1.00,http://pbs.twimg.com/profile_images/781649782385278976/CuuesuW1_normal.jpg,https://pbs.twimg.com/profile_images/781649782385278976/CuuesuW1_normal.jpg
46,aureliostk,1057562706,2056,2784,200,181,1.15,0.55,0.74,200,0.215,0.24,0.12,0.27,0.155,0.0,0.0,28.57,413.10,20.32,37,1.16,http://pbs.twimg.com/profile_images/3059446895/0d18186ae1e14c44d928c7744286abad_normal.jpeg,https://pbs.twimg.com/profile_images/3059446895/0d18186ae1e14c44d928c7744286abad_normal.jpeg
47,roneydcarvalho,925673966236307458,466,453,200,185,1.21,0.45,0.67,200,1.0,0.0,0.0,0.0,0.0,0.0,0.0,28.57,4897.96,69.99,68,1.00,http://pbs.twimg.com/profile_images/933107234279690241/aXy0wPL6_normal.jpg,https://pbs.twimg.com/profile_images/933107234279690241/aXy0wPL6_normal.jpg
48,MarcosIncioFra2,978522815736541185,219,255,200,183,1.13,0.44,0.66,200,0.12,0.215,0.0,0.0,0.0,0.54,0.125,28.57,1285.67,35.86,10,1.25,http://abs.twimg.com/sticky/default_profile_images/default_profile_normal.png,https://abs.twimg.com/sticky/default_profile_images/default_profile_normal.png
49,CaiqueSamuel,315402210,1010,1022,200,140,1.00,0.00,0.00,200,0.145,0.145,0.345,0.365,0.0,0.0,0.0,28.57,865.39,29.42,123,1.00,http://pbs.twimg.com/profile_images/605140889988677635/mDFwd7dV_normal.jpg,https://pbs.twimg.com/profile_images/605140889988677635/mDFwd7dV_normal.jpg
50,Paulo_Cesar31,345115524,1466,1858,200,183,1.33,0.50,0.70,200,0.0,0.0,0.62,0.095,0.0,0.285,0.0,28.57,1895.96,43.54,1,1.00,http://pbs.twimg.com/profile_images/656502915792773121/1dEfm5Oq_normal.jpg,https://pbs.twimg.com/profile_images/656502915792773121/1dEfm5Oq_normal.jpg
51,patryck995,3093450411,115,151,200,168,17488.47,1289796649.65,35913.74,200,0.2,0.15,0.16,0.055,0.145,0.2,0.09,28.57,99.39,9.97,4,1.00,http://pbs.twimg.com/profile_images/577951992670232576/Ygh94irY_normal.jpeg,https://pbs.twimg.com/profile_images/577951992670232576/Ygh94irY_normal.jpeg
52,Anaflav53875348,944045361588527104,4892,4794,200,175,2325.03,12036583.63,3469.38,200,0.145,0.165,0.135,0.195,0.125,0.085,0.15,28.57,39.96,6.32,13,1.62,http://pbs.twimg.com/profile_images/1007355273047134208/hqXXhVmj_normal.jpg,https://pbs.twimg.com/profile_images/1007355273047134208/hqXXhVmj_normal.jpg
53,carolfreire25,744915496374525953,158,687,200,167,14942.41,824228092.63,28709.37,200,0.08,0.13,0.1,0.22,0.335,0.045,0.09,28.57,349.67,18.70,20,1.25,http://pbs.twimg.com/profile_images/1007335500343136258/DDQz9v0J_normal.jpg,https://pbs.twimg.com/profile_images/1007335500343136258/DDQz9v0J_normal.jpg
54,alopesc,244994167,41,268,200,184,82939.24,8668106333.78,93102.67,200,0.125,0.135,0.17,0.13,0.12,0.14,0.18,28.57,18.24,4.27,0,0.00,http://pbs.twimg.com/profile_images/924368270806929408/SciyarPc_normal.jpg,https://pbs.twimg.com/profile_images/924368270806929408/SciyarPc_normal.jpg
55,naelly_rangel,887037136926593025,257,323,200,155,240.61,130234.72,360.88,200,0.225,0.41,0.075,0.14,0.085,0.01,0.055,28.57,636.82,25.24,24,1.00,http://pbs.twimg.com/profile_images/1006410312197820417/8HYZHLaf_normal.jpg,https://pbs.twimg.com/profile_images/1006410312197820417/8HYZHLaf_normal.jpg
56,Skeetterpk,2864046729,243,90,200,169,1.08,0.26,0.51,200,0.04,0.225,0.05,0.215,0.425,0.02,0.025,28.57,798.53,28.26,145,1.00,http://pbs.twimg.com/profile_images/584669198690967552/MY88f1vw_normal.jpg,https://pbs.twimg.com/profile_images/584669198690967552/MY88f1vw_normal.jpg
57,limaccah,3870546381,196,110,200,163,5245.25,102327966.63,10115.73,200,0.165,0.165,0.19,0.175,0.105,0.075,0.125,28.57,60.53,7.78,9,1.00,http://pbs.twimg.com/profile_images/1006364767483842560/rwaNnZl8_normal.jpg,https://pbs.twimg.com/profile_images/1006364767483842560/rwaNnZl8_normal.jpg
58,do_maurici,957978968686321665,228,349,200,131,1.00,0.00,0.00,200,0.0,0.345,0.2,0.215,0.12,0.0,0.12,28.57,521.10,22.83,114,1.00,http://pbs.twimg.com/profile_images/957981601127895042/oqWlXa83_normal.jpg,https://pbs.twimg.com/profile_images/957981601127895042/oqWlXa83_normal.jpg
59,detonajose,813393460296351744,13419,9448,200,153,787.44,8966921.57,2994.48,200,0.155,0.075,0.085,0.195,0.05,0.21,0.23,28.57,180.24,13.43,117,1.26,http://pbs.twimg.com/profile_images/1004550329046896641/ucYo3ZBh_normal.jpg,https://pbs.twimg.com/profile_images/1004550329046896641/ucYo3ZBh_normal.jpg
60,SobRenato,990540987205406722,159,346,200,171,1.20,0.38,0.62,200,0.365,0.15,0.005,0.12,0.01,0.22,0.13,28.57,529.67,23.01,110,1.05,http://pbs.twimg.com/profile_images/1005288269532278784/ynlhUXSL_normal.jpg,https://pbs.twimg.com/profile_images/1005288269532278784/ynlhUXSL_normal.jpg
61,DiasAiran,896476943994019840,633,945,200,179,1.19,0.58,0.76,200,0.0,0.0,0.0,0.625,0.0,0.0,0.375,28.57,2219.39,47.11,185,1.00,http://pbs.twimg.com/profile_images/986695806190317568/uRlSr_qI_normal.jpg,https://pbs.twimg.com/profile_images/986695806190317568/uRlSr_qI_normal.jpg
62,CaiqueSamuel,315402210,1010,1022,200,140,1.00,0.00,0.00,200,0.145,0.145,0.345,0.365,0.0,0.0,0.0,28.57,865.39,29.42,123,1.00,http://pbs.twimg.com/profile_images/605140889988677635/mDFwd7dV_normal.jpg,https://pbs.twimg.com/profile_images/605140889988677635/mDFwd7dV_normal.jpg
63,jonathanjazzaaz,4497382828,1092,1669,200,177,1.23,0.73,0.86,200,0.0,0.5,0.0,0.32,0.18,0.0,0.0,28.57,1382.53,37.18,190,1.00,http://pbs.twimg.com/profile_images/678159421944500224/N91dq1Xr_normal.jpg,https://pbs.twimg.com/profile_images/678159421944500224/N91dq1Xr_normal.jpg
64,JoviaLima,937294115355623424,2337,3111,200,186,1.18,0.36,0.60,200,0.095,0.27,0.23,0.215,0.19,0.0,0.0,28.57,424.53,20.60,0,0.00,http://pbs.twimg.com/profile_images/938408243650613248/XHnPe3Dv_normal.jpg,https://pbs.twimg.com/profile_images/938408243650613248/XHnPe3Dv_normal.jpg
65,Rodiguinho29,1473183006,165,206,200,173,1.84,1.48,1.22,200,0.0,0.0,0.0,0.3,0.075,0.35,0.275,28.57,862.24,29.36,166,1.00,http://pbs.twimg.com/profile_images/909478810994790400/I0e76SkJ_normal.jpg,https://pbs.twimg.com/profile_images/909478810994790400/I0e76SkJ_normal.jpg
66,Ramayane_27,248010189,1495,2257,200,183,1.23,0.52,0.72,200,0.0,0.37,0.0,0.345,0.0,0.0,0.285,28.57,1110.24,33.32,68,1.00,http://pbs.twimg.com/profile_images/916793397498777600/KWGl1_7r_normal.jpg,https://pbs.twimg.com/profile_images/916793397498777600/KWGl1_7r_normal.jpg
67,aCarolinaXXZ,947477620589023232,134,507,200,170,41.42,2215.88,47.07,200,0.14,0.14,0.035,0.225,0.255,0.08,0.125,28.57,201.39,14.19,11,1.38,http://pbs.twimg.com/profile_images/1004058187396452352/xjDH0duB_normal.jpg,https://pbs.twimg.com/profile_images/1004058187396452352/xjDH0duB_normal.jpg
68,WMochila,413183898,2229,2428,200,170,1.31,0.40,0.63,200,0.215,0.03,0.055,0.42,0.05,0.15,0.08,28.57,657.67,25.65,131,1.52,http://pbs.twimg.com/profile_images/1640559913/111_normal.jpg,https://pbs.twimg.com/profile_images/1640559913/111_normal.jpg
69,SerradoNavio,59200775,1336,1520,200,150,1.00,0.00,0.00,200,0.095,0.24,0.425,0.12,0.12,0.0,0.0,28.57,761.10,27.59,159,1.01,http://pbs.twimg.com/profile_images/326757315/eu003__1__normal.jpg,https://pbs.twimg.com/profile_images/326757315/eu003__1__normal.jpg
70,WellersonZeiro,38848418,16348,16309,200,170,1011.66,1987096.35,1409.64,200,0.13,0.3,0.125,0.17,0.075,0.085,0.115,28.57,197.96,14.07,13,1.00,http://pbs.twimg.com/profile_images/943503872491999232/wGPRBsCW_normal.jpg,https://pbs.twimg.com/profile_images/943503872491999232/wGPRBsCW_normal.jpg
71,fransuardantas,1832433452,2030,4998,200,162,1.85,1.39,1.18,200,0.0,0.0,0.805,0.19,0.005,0.0,0.0,28.57,3093.10,55.62,201,3.72,http://pbs.twimg.com/profile_images/1003782287136382981/2AHSmse1_normal.jpg,https://pbs.twimg.com/profile_images/1003782287136382981/2AHSmse1_normal.jpg
72,mcverzegnassi,259803818,2370,2742,200,176,1.16,0.43,0.66,200,0.0,0.155,0.245,0.215,0.0,0.015,0.37,28.57,711.67,26.68,182,1.00,http://pbs.twimg.com/profile_images/877331897235382272/Js6BKL-Q_normal.jpg,https://pbs.twimg.com/profile_images/877331897235382272/Js6BKL-Q_normal.jpg
73,RONALDOALVESSI1,491567694,2735,3860,200,123,1.00,0.00,0.00,200,0.215,0.36,0.19,0.235,0.0,0.0,0.0,28.57,710.24,26.65,185,1.00,http://pbs.twimg.com/profile_images/963816567623634951/D8BIAK5D_normal.jpg,https://pbs.twimg.com/profile_images/963816567623634951/D8BIAK5D_normal.jpg
74,caivanomichel,569428502,85,628,200,165,23.05,804.91,28.37,200,0.0,0.155,0.66,0.185,0.0,0.0,0.0,28.57,2005.67,44.78,59,2.68,http://pbs.twimg.com/profile_images/665730229869129728/yFkwCzo-_normal.jpg,https://pbs.twimg.com/profile_images/665730229869129728/yFkwCzo-_normal.jpg
75,Josianaduarte,318565683,831,1882,200,162,7431.28,392875445.88,19821.09,200,0.095,0.14,0.14,0.12,0.06,0.005,0.44,28.57,668.53,25.86,48,1.92,http://pbs.twimg.com/profile_images/932365108776505344/qYjtvC4s_normal.jpg,https://pbs.twimg.com/profile_images/932365108776505344/qYjtvC4s_normal.jpg
76,fabioconde,34275244,163,120,200,184,33463.83,1407326613.63,37514.35,200,0.125,0.19,0.105,0.13,0.2,0.13,0.12,28.57,46.24,6.80,123,3.73,http://pbs.twimg.com/profile_images/725121766952165376/VaAMSzE4_normal.jpg,https://pbs.twimg.com/profile_images/725121766952165376/VaAMSzE4_normal.jpg
77,MAILSONX2,378861826,221,486,200,166,1.28,0.49,0.70,200,0.45,0.005,0.0,0.26,0.005,0.005,0.275,28.57,1159.67,34.05,12,2.00,http://pbs.twimg.com/profile_images/857657603526189058/URMDd8_a_normal.jpg,https://pbs.twimg.com/profile_images/857657603526189058/URMDd8_a_normal.jpg
78,RodrigoMuller2,422641511,945,581,200,164,7420.91,357862961.86,18917.27,200,0.04,0.08,0.16,0.05,0.34,0.025,0.305,28.57,585.67,24.20,107,1.02,http://pbs.twimg.com/profile_images/1006314129135726592/02X_9-RH_normal.jpg,https://pbs.twimg.com/profile_images/1006314129135726592/02X_9-RH_normal.jpg
79,LRauc,866001417802330116,946,1490,200,187,36839.11,2037249824.77,45135.90,200,0.145,0.145,0.28,0.14,0.105,0.075,0.11,28.57,148.24,12.18,0,0.00,http://pbs.twimg.com/profile_images/998624957868326918/e511TYrk_normal.jpg,https://pbs.twimg.com/profile_images/998624957868326918/e511TYrk_normal.jpg
80,marcos_lica,880217995901104128,949,1455,200,133,1.00,0.00,0.00,200,0.0,0.105,0.215,0.25,0.095,0.335,0.0,28.57,560.82,23.68,29,1.00,http://pbs.twimg.com/profile_images/882350555594543104/Q8L18_79_normal.jpg,https://pbs.twimg.com/profile_images/882350555594543104/Q8L18_79_normal.jpg
81,AlexBBetaLab,878256612905033728,1302,1828,200,152,1.20,0.16,0.40,200,0.185,0.335,0.12,0.24,0.12,0.0,0.0,28.57,514.24,22.68,97,1.00,http://pbs.twimg.com/profile_images/881281076395749376/9XTS_rNM_normal.jpg,https://pbs.twimg.com/profile_images/881281076395749376/9XTS_rNM_normal.jpg
82,QuelMacedo1,2541555297,2853,4257,200,134,1.00,0.00,0.00,200,0.105,0.0,0.585,0.0,0.0,0.31,0.0,28.57,1751.39,41.85,185,1.00,http://pbs.twimg.com/profile_images/466157384675885056/4pXnOfyD_normal.jpeg,https://pbs.twimg.com/profile_images/466157384675885056/4pXnOfyD_normal.jpeg
83,suportemicros,143138416,189,652,200,164,1.59,1.54,1.24,200,0.0,0.215,0.17,0.0,0.0,0.32,0.295,28.57,695.39,26.37,21,1.40,http://pbs.twimg.com/profile_images/894950382/att2_normal.jpg,https://pbs.twimg.com/profile_images/894950382/att2_normal.jpg
84,ronilsonluz,283980287,359,631,200,177,1.20,0.32,0.56,200,0.215,0.12,0.095,0.205,0.045,0.045,0.275,28.57,277.10,16.65,26,1.00,http://pbs.twimg.com/profile_images/1315862022/GEDC2478_normal.JPG,https://pbs.twimg.com/profile_images/1315862022/GEDC2478_normal.JPG
85,RAFAELGOESCOSTA,378160702,279,699,200,160,6.04,2.29,1.51,200,0.0,0.005,0.635,0.0,0.0,0.36,0.0,28.57,2228.53,47.21,41,1.02,http://pbs.twimg.com/profile_images/553990456191614977/z9qSjGLQ_normal.jpeg,https://pbs.twimg.com/profile_images/553990456191614977/z9qSjGLQ_normal.jpeg
86,RodrigoMuller2,422641511,941,581,200,164,7420.91,357862961.86,18917.27,200,0.04,0.08,0.16,0.05,0.34,0.025,0.305,28.57,585.67,24.20,107,1.02,http://pbs.twimg.com/profile_images/1006314129135726592/02X_9-RH_normal.jpg,https://pbs.twimg.com/profile_images/1006314129135726592/02X_9-RH_normal.jpg
87,LRauc,866001417802330116,946,1490,200,187,36839.11,2037249824.77,45135.90,200,0.145,0.145,0.28,0.14,0.105,0.075,0.11,28.57,148.24,12.18,0,0.00,http://pbs.twimg.com/profile_images/998624957868326918/e511TYrk_normal.jpg,https://pbs.twimg.com/profile_images/998624957868326918/e511TYrk_normal.jpg
88,marcos_lica,880217995901104128,949,1455,200,133,1.00,0.00,0.00,200,0.0,0.105,0.215,0.25,0.095,0.335,0.0,28.57,560.82,23.68,29,1.00,http://pbs.twimg.com/profile_images/882350555594543104/Q8L18_79_normal.jpg,https://pbs.twimg.com/profile_images/882350555594543104/Q8L18_79_normal.jpg
89,AlexBBetaLab,878256612905033728,1302,1828,200,152,1.20,0.16,0.40,200,0.185,0.335,0.12,0.24,0.12,0.0,0.0,28.57,514.24,22.68,97,1.00,http://pbs.twimg.com/profile_images/881281076395749376/9XTS_rNM_normal.jpg,https://pbs.twimg.com/profile_images/881281076395749376/9XTS_rNM_normal.jpg
90,QuelMacedo1,2541555297,2853,4257,200,134,1.00,0.00,0.00,200,0.105,0.0,0.585,0.0,0.0,0.31,0.0,28.57,1751.39,41.85,185,1.00,http://pbs.twimg.com/profile_images/466157384675885056/4pXnOfyD_normal.jpeg,https://pbs.twimg.com/profile_images/466157384675885056/4pXnOfyD_normal.jpeg
91,MARCUSANTONIOFI,946347337718394885,259,481,200,174,1.23,0.58,0.76,200,0.28,0.125,0.195,0.12,0.12,0.0,0.16,28.57,249.10,15.78,27,1.00,http://pbs.twimg.com/profile_images/946409203564011520/dajHQ1_-_normal.jpg,https://pbs.twimg.com/profile_images/946409203564011520/dajHQ1_-_normal.jpg
92,mcverzegnassi,259803818,2371,2742,200,176,1.16,0.43,0.66,200,0.0,0.155,0.245,0.215,0.0,0.015,0.37,28.57,711.67,26.68,182,1.00,http://pbs.twimg.com/profile_images/877331897235382272/Js6BKL-Q_normal.jpg,https://pbs.twimg.com/profile_images/877331897235382272/Js6BKL-Q_normal.jpg
93,suportemicros,143138416,189,652,200,164,1.59,1.54,1.24,200,0.0,0.215,0.17,0.0,0.0,0.32,0.295,28.57,695.39,26.37,21,1.40,http://pbs.twimg.com/profile_images/894950382/att2_normal.jpg,https://pbs.twimg.com/profile_images/894950382/att2_normal.jpg
94,ronilsonluz,283980287,359,631,200,177,1.20,0.32,0.56,200,0.215,0.12,0.095,0.205,0.045,0.045,0.275,28.57,277.10,16.65,26,1.00,http://pbs.twimg.com/profile_images/1315862022/GEDC2478_normal.JPG,https://pbs.twimg.com/profile_images/1315862022/GEDC2478_normal.JPG
95,RAFAELGOESCOSTA,378160702,279,699,200,160,6.04,2.29,1.51,200,0.0,0.005,0.635,0.0,0.0,0.36,0.0,28.57,2228.53,47.21,41,1.02,http://pbs.twimg.com/profile_images/553990456191614977/z9qSjGLQ_normal.jpeg,https://pbs.twimg.com/profile_images/553990456191614977/z9qSjGLQ_normal.jpeg
96,DiegoTatiana1,864885809538899968,2095,2533,200,141,1.00,0.00,0.00,200,0.24,0.215,0.17,0.205,0.12,0.0,0.05,28.57,278.82,16.70,36,5.14,http://pbs.twimg.com/profile_images/864887474803400704/amDkv2hD_normal.jpg,https://pbs.twimg.com/profile_images/864887474803400704/amDkv2hD_normal.jpg
97,angelo20054,1541975960,213,1193,200,164,3900.87,100548087.62,10027.37,200,0.27,0.11,0.305,0.055,0.045,0.05,0.165,28.57,399.67,19.99,40,1.67,http://pbs.twimg.com/profile_images/981098581418487808/V0knW6m7_normal.jpg,https://pbs.twimg.com/profile_images/981098581418487808/V0knW6m7_normal.jpg
98,jbpereirarj,98622893,10706,5865,200,158,1207.58,13690186.46,3700.03,200,0.125,0.185,0.055,0.23,0.16,0.105,0.14,28.57,109.39,10.46,142,3.02,http://pbs.twimg.com/profile_images/932934366141001728/Ck0dkf1M_normal.jpg,https://pbs.twimg.com/profile_images/932934366141001728/Ck0dkf1M_normal.jpg
99,Ayrtonscp,1367745637,1331,1857,200,179,1.17,0.47,0.68,200,0.0,0.25,0.39,0.36,0.0,0.0,0.0,28.57,1150.53,33.92,0,0.00,http://pbs.twimg.com/profile_images/965960906617360384/2QtSsrRs_normal.jpg,https://pbs.twimg.com/profile_images/965960906617360384/2QtSsrRs_normal.jpg
100,NatanWas,939013127277985794,661,355,200,187,1.20,0.62,0.79,200,0.215,0.0,0.12,0.12,0.19,0.0,0.355,28.57,538.82,23.21,3,1.00,http://pbs.twimg.com/profile_images/939017572191580161/e3hfJ7I-_normal.jpg,https://pbs.twimg.com/profile_images/939017572191580161/e3hfJ7I-_normal.jpg
101,admcokaren,831903293915947014,1025,1547,200,153,1.30,1.83,1.35,200,0.225,0.16,0.26,0.005,0.03,0.165,0.155,28.57,303.67,17.43,364,3.40,http://pbs.twimg.com/profile_images/999041587513511936/EhvNBBfE_normal.jpg,https://pbs.twimg.com/profile_images/999041587513511936/EhvNBBfE_normal.jpg
102,ewertomstn,755941976965574657,588,351,200,169,19834.61,1361845044.69,36903.18,200,0.1,0.105,0.215,0.18,0.12,0.19,0.09,28.57,87.96,9.38,14,1.00,http://pbs.twimg.com/profile_images/904646896534384640/io16-Mwd_normal.jpg,https://pbs.twimg.com/profile_images/904646896534384640/io16-Mwd_normal.jpg
103,LeeSampaioS5,3645073577,612,923,200,185,1.23,0.48,0.69,200,0.26,0.215,0.0,0.525,0.0,0.0,0.0,28.57,1409.10,37.54,0,0.00,http://pbs.twimg.com/profile_images/957745661507719168/EdPhbyML_normal.jpg,https://pbs.twimg.com/profile_images/957745661507719168/EdPhbyML_normal.jpg
104,ArualdoSil,789993371645440000,582,738,200,148,1.16,0.14,0.37,200,0.16,0.18,0.12,0.125,0.1,0.0,0.315,28.57,310.82,17.63,16,1.14,http://pbs.twimg.com/profile_images/968442556081111040/Zf3H2d_J_normal.jpg,https://pbs.twimg.com/profile_images/968442556081111040/Zf3H2d_J_normal.jpg
105,William36651959,999225009070624769,167,485,200,144,1.00,0.00,0.00,200,0.24,0.335,0.0,0.12,0.0,0.16,0.145,28.57,502.82,22.42,138,1.00,http://pbs.twimg.com/profile_images/999225906072764416/RMcwHjgM_normal.jpg,https://pbs.twimg.com/profile_images/999225906072764416/RMcwHjgM_normal.jpg
106,RRebellatto,890340199015882752,2490,3319,200,184,1.19,0.50,0.71,200,0.165,0.36,0.095,0.12,0.0,0.15,0.11,28.57,411.39,20.28,186,1.25,http://pbs.twimg.com/profile_images/890352631348166656/sRzJWAGp_normal.jpg,https://pbs.twimg.com/profile_images/890352631348166656/sRzJWAGp_normal.jpg
107,Diimos1,873828609819123712,751,947,200,183,1.36,0.53,0.73,200,0.0,0.39,0.61,0.0,0.0,0.0,0.0,28.57,2179.10,46.68,0,0.00,http://pbs.twimg.com/profile_images/873830208683614209/88nDr5SP_normal.jpg,https://pbs.twimg.com/profile_images/873830208683614209/88nDr5SP_normal.jpg
108,JoviaLima,937294115355623424,2336,3111,200,186,1.18,0.36,0.60,200,0.095,0.27,0.23,0.215,0.19,0.0,0.0,28.57,424.53,20.60,0,0.00,http://pbs.twimg.com/profile_images/938408243650613248/XHnPe3Dv_normal.jpg,https://pbs.twimg.com/profile_images/938408243650613248/XHnPe3Dv_normal.jpg
109,amiga2018,891042938792366081,2799,3639,200,141,1.00,0.00,0.00,200,0.095,0.16,0.33,0.1,0.0,0.1,0.215,28.57,382.24,19.55,7,7.00,http://pbs.twimg.com/profile_images/918282274273099776/MonqFLx3_normal.jpg,https://pbs.twimg.com/profile_images/918282274273099776/MonqFLx3_normal.jpg
110,LaydeMary,2540170968,4086,4850,200,173,10.39,185.95,13.64,200,0.0,0.0,0.57,0.425,0.005,0.0,0.0,28.57,2072.53,45.53,24,1.41,http://pbs.twimg.com/profile_images/993293436651540480/mB_GhLWX_normal.jpg,https://pbs.twimg.com/profile_images/993293436651540480/mB_GhLWX_normal.jpg
111,ArualdoSil,789993371645440000,582,738,200,148,1.16,0.14,0.37,200,0.16,0.18,0.12,0.125,0.1,0.0,0.315,28.57,310.82,17.63,16,1.14,http://pbs.twimg.com/profile_images/968442556081111040/Zf3H2d_J_normal.jpg,https://pbs.twimg.com/profile_images/968442556081111040/Zf3H2d_J_normal.jpg
112,AdilsonDeFrana4,980478432592134145,422,706,200,129,1.00,0.00,0.00,200,0.215,0.245,0.12,0.3,0.0,0.12,0.0,28.57,469.67,21.67,5,1.00,http://abs.twimg.com/sticky/default_profile_images/default_profile_normal.png,https://abs.twimg.com/sticky/default_profile_images/default_profile_normal.png
113,WellersonZeiro,38848418,16346,16310,200,170,1011.66,1987096.35,1409.64,200,0.13,0.3,0.125,0.17,0.075,0.085,0.115,28.57,197.96,14.07,13,1.00,http://pbs.twimg.com/profile_images/943503872491999232/wGPRBsCW_normal.jpg,https://pbs.twimg.com/profile_images/943503872491999232/wGPRBsCW_normal.jpg
114,amaurimiranda31,1680292927,309,434,200,181,1.14,0.43,0.65,200,0.04,0.19,0.095,0.085,0.245,0.12,0.225,28.57,206.53,14.37,1,1.00,http://pbs.twimg.com/profile_images/1003281026876166144/OmZSLUpp_normal.jpg,https://pbs.twimg.com/profile_images/1003281026876166144/OmZSLUpp_normal.jpg
115,RAFAH_1999,2706786585,12895,12294,200,179,170.99,52472.71,229.07,200,0.0,0.345,0.0,0.2,0.24,0.0,0.215,28.57,685.67,26.19,27,1.12,http://pbs.twimg.com/profile_images/1006599487224238080/MsQtVdGy_normal.jpg,https://pbs.twimg.com/profile_images/1006599487224238080/MsQtVdGy_normal.jpg
116,PedroReinaldoA1,3670990763,367,316,200,184,1.17,0.58,0.76,200,0.255,0.0,0.0,0.315,0.0,0.005,0.425,28.57,1154.53,33.98,25,2.50,http://pbs.twimg.com/profile_images/656633361306357760/34-XjnsA_normal.jpg,https://pbs.twimg.com/profile_images/656633361306357760/34-XjnsA_normal.jpg
117,ResendeEnrique,1350452136,570,801,200,182,1.16,0.42,0.65,200,0.12,0.305,0.24,0.0,0.07,0.265,0.0,28.57,555.96,23.58,182,1.01,http://pbs.twimg.com/profile_images/3528202747/59ee5e478a4a0b33fa9974e88d05f66c_normal.jpeg,https://pbs.twimg.com/profile_images/3528202747/59ee5e478a4a0b33fa9974e88d05f66c_normal.jpeg
118,Rynaldo_Nako,276225993,24,301,200,182,46539.81,4003121173.27,63270.22,200,0.125,0.115,0.12,0.185,0.17,0.09,0.195,28.57,55.10,7.42,3,1.00,http://pbs.twimg.com/profile_images/996089754688131072/mTWOEGuN_normal.jpg,https://pbs.twimg.com/profile_images/996089754688131072/mTWOEGuN_normal.jpg
119,Tallesxl,2599727598,191,292,200,169,1.05,0.34,0.58,200,0.19,0.0,0.0,0.47,0.12,0.0,0.22,28.57,1011.10,31.80,10,1.00,http://pbs.twimg.com/profile_images/484312270785097730/wCwQCK8y_normal.jpeg,https://pbs.twimg.com/profile_images/484312270785097730/wCwQCK8y_normal.jpeg
120,KCraazyy,319250869,27,147,200,154,158.79,188698.51,434.39,200,0.045,0.035,0.04,0.43,0.155,0.23,0.065,28.57,731.67,27.05,26,1.18,http://pbs.twimg.com/profile_images/997610505941463040/d9LwbTwq_normal.jpg,https://pbs.twimg.com/profile_images/997610505941463040/d9LwbTwq_normal.jpg
121,mauria_lou,539862239,2365,4772,200,161,2.85,16.45,4.06,200,0.005,0.02,0.045,0.025,0.55,0.025,0.33,28.57,1555.67,39.44,18,1.00,http://pbs.twimg.com/profile_images/897165126733893634/Wllb1-At_normal.jpg,https://pbs.twimg.com/profile_images/897165126733893634/Wllb1-At_normal.jpg
122,teddiluis,1615521859,59,166,200,183,7.05,36.79,6.07,200,0.0,0.04,0.32,0.145,0.11,0.045,0.34,28.57,639.39,25.29,5,1.00,http://pbs.twimg.com/profile_images/985922761855066113/W7pcYxFJ_normal.jpg,https://pbs.twimg.com/profile_images/985922761855066113/W7pcYxFJ_normal.jpg
123,DeEderson,293940539,403,1536,200,173,1.08,0.41,0.64,200,0.0,0.43,0.215,0.335,0.005,0.015,0.0,28.57,1147.10,33.87,2,1.00,http://pbs.twimg.com/profile_images/995729100408086528/gIDvDtjE_normal.jpg,https://pbs.twimg.com/profile_images/995729100408086528/gIDvDtjE_normal.jpg
124,rsatfsa,4281760641,465,583,200,135,1.00,0.00,0.00,200,0.12,0.185,0.295,0.095,0.01,0.1,0.195,28.57,285.39,16.89,78,1.04,http://pbs.twimg.com/profile_images/669741649745084417/ssK4OrTG_normal.jpg,https://pbs.twimg.com/profile_images/669741649745084417/ssK4OrTG_normal.jpg
125,LaydeMary,2540170968,4086,4850,200,173,10.39,185.95,13.64,200,0.0,0.0,0.57,0.425,0.005,0.0,0.0,28.57,2072.53,45.53,24,1.41,http://pbs.twimg.com/profile_images/993293436651540480/mB_GhLWX_normal.jpg,https://pbs.twimg.com/profile_images/993293436651540480/mB_GhLWX_normal.jpg
126,salomaobetaSDV,988813520853749762,87,439,200,136,1.00,0.00,0.00,200,0.1,0.095,0.0,0.125,0.125,0.215,0.34,28.57,395.67,19.89,1,1.00,http://pbs.twimg.com/profile_images/1000561043897311233/sa4Vzdoy_normal.jpg,https://pbs.twimg.com/profile_images/1000561043897311233/sa4Vzdoy_normal.jpg
127,persianascombat,97426387,3553,4319,200,174,0.71,0.20,0.45,200,0.245,0.22,0.225,0.005,0.25,0.005,0.05,28.57,464.24,21.55,10,1.00,http://pbs.twimg.com/profile_images/957374821351985152/znWkjKKj_normal.jpg,https://pbs.twimg.com/profile_images/957374821351985152/znWkjKKj_normal.jpg
128,Joseliaribeir1,873601049835311106,1588,2336,200,184,1.20,0.45,0.67,200,0.335,0.0,0.24,0.0,0.225,0.2,0.0,28.57,671.96,25.92,7,1.75,http://pbs.twimg.com/profile_images/873604370553876481/cdm6uRB5_normal.jpg,https://pbs.twimg.com/profile_images/873604370553876481/cdm6uRB5_normal.jpg
129,ulissyssouza1,3412511213,744,808,200,156,1.15,0.13,0.35,200,0.2,0.0,0.005,0.46,0.215,0.0,0.12,28.57,967.96,31.11,5,1.00,http://pbs.twimg.com/profile_images/897186862045036545/_LktoNbQ_normal.jpg,https://pbs.twimg.com/profile_images/897186862045036545/_LktoNbQ_normal.jpg
130,Anaflav53875348,944045361588527104,4895,4801,200,175,2325.03,12036583.63,3469.38,200,0.145,0.165,0.135,0.195,0.125,0.085,0.15,28.57,39.96,6.32,13,1.62,http://pbs.twimg.com/profile_images/1007355273047134208/hqXXhVmj_normal.jpg,https://pbs.twimg.com/profile_images/1007355273047134208/hqXXhVmj_normal.jpg
131,carolfreire25,744915496374525953,158,687,200,167,14942.41,824228092.63,28709.37,200,0.08,0.13,0.1,0.22,0.335,0.045,0.09,28.57,349.67,18.70,20,1.25,http://pbs.twimg.com/profile_images/1007335500343136258/DDQz9v0J_normal.jpg,https://pbs.twimg.com/profile_images/1007335500343136258/DDQz9v0J_normal.jpg
132,alopesc,244994167,41,268,200,184,82939.24,8668106333.78,93102.67,200,0.125,0.135,0.17,0.13,0.12,0.14,0.18,28.57,18.24,4.27,0,0.00,http://pbs.twimg.com/profile_images/924368270806929408/SciyarPc_normal.jpg,https://pbs.twimg.com/profile_images/924368270806929408/SciyarPc_normal.jpg
133,naelly_rangel,887037136926593025,257,323,200,155,240.61,130234.72,360.88,200,0.225,0.41,0.075,0.14,0.085,0.01,0.055,28.57,636.82,25.24,24,1.00,http://pbs.twimg.com/profile_images/1006410312197820417/8HYZHLaf_normal.jpg,https://pbs.twimg.com/profile_images/1006410312197820417/8HYZHLaf_normal.jpg
134,Skeetterpk,2864046729,244,90,200,169,1.08,0.26,0.51,200,0.04,0.225,0.05,0.215,0.425,0.02,0.025,28.57,798.53,28.26,145,1.00,http://pbs.twimg.com/profile_images/584669198690967552/MY88f1vw_normal.jpg,https://pbs.twimg.com/profile_images/584669198690967552/MY88f1vw_normal.jpg
135,limaccah,3870546381,197,110,200,163,5245.25,102327966.63,10115.73,200,0.165,0.165,0.19,0.175,0.105,0.075,0.125,28.57,60.53,7.78,9,1.00,http://pbs.twimg.com/profile_images/1006364767483842560/rwaNnZl8_normal.jpg,https://pbs.twimg.com/profile_images/1006364767483842560/rwaNnZl8_normal.jpg
136,RodrigoMuller2,422641511,941,581,200,164,7420.91,357862961.86,18917.27,200,0.04,0.08,0.16,0.05,0.34,0.025,0.305,28.57,585.67,24.20,107,1.02,http://pbs.twimg.com/profile_images/1006314129135726592/02X_9-RH_normal.jpg,https://pbs.twimg.com/profile_images/1006314129135726592/02X_9-RH_normal.jpg
137,LRauc,866001417802330116,946,1490,200,187,36839.11,2037249824.77,45135.90,200,0.145,0.145,0.28,0.14,0.105,0.075,0.11,28.57,148.24,12.18,0,0.00,http://pbs.twimg.com/profile_images/998624957868326918/e511TYrk_normal.jpg,https://pbs.twimg.com/profile_images/998624957868326918/e511TYrk_normal.jpg
138,marcos_lica,880217995901104128,949,1455,200,133,1.00,0.00,0.00,200,0.0,0.105,0.215,0.25,0.095,0.335,0.0,28.57,560.82,23.68,29,1.00,http://pbs.twimg.com/profile_images/882350555594543104/Q8L18_79_normal.jpg,https://pbs.twimg.com/profile_images/882350555594543104/Q8L18_79_normal.jpg
139,AlexBBetaLab,878256612905033728,1302,1828,200,152,1.20,0.16,0.40,200,0.185,0.335,0.12,0.24,0.12,0.0,0.0,28.57,514.24,22.68,97,1.00,http://pbs.twimg.com/profile_images/881281076395749376/9XTS_rNM_normal.jpg,https://pbs.twimg.com/profile_images/881281076395749376/9XTS_rNM_normal.jpg
140,QuelMacedo1,2541555297,2853,4257,200,134,1.00,0.00,0.00,200,0.105,0.0,0.585,0.0,0.0,0.31,0.0,28.57,1751.39,41.85,185,1.00,http://pbs.twimg.com/profile_images/466157384675885056/4pXnOfyD_normal.jpeg,https://pbs.twimg.com/profile_images/466157384675885056/4pXnOfyD_normal.jpeg
141,MARCUSANTONIOFI,946347337718394885,259,481,200,174,1.23,0.58,0.76,200,0.28,0.125,0.195,0.12,0.12,0.0,0.16,28.57,249.10,15.78,27,1.00,http://pbs.twimg.com/profile_images/946409203564011520/dajHQ1_-_normal.jpg,https://pbs.twimg.com/profile_images/946409203564011520/dajHQ1_-_normal.jpg
142,mcverzegnassi,259803818,2371,2742,200,176,1.16,0.43,0.66,200,0.0,0.155,0.245,0.215,0.0,0.015,0.37,28.57,711.67,26.68,182,1.00,http://pbs.twimg.com/profile_images/877331897235382272/Js6BKL-Q_normal.jpg,https://pbs.twimg.com/profile_images/877331897235382272/Js6BKL-Q_normal.jpg
143,suportemicros,143138416,189,652,200,164,1.59,1.54,1.24,200,0.0,0.215,0.17,0.0,0.0,0.32,0.295,28.57,695.39,26.37,21,1.40,http://pbs.twimg.com/profile_images/894950382/att2_normal.jpg,https://pbs.twimg.com/profile_images/894950382/att2_normal.jpg
144,ronilsonluz,283980287,359,631,200,177,1.20,0.32,0.56,200,0.215,0.12,0.095,0.205,0.045,0.045,0.275,28.57,277.10,16.65,26,1.00,http://pbs.twimg.com/profile_images/1315862022/GEDC2478_normal.JPG,https://pbs.twimg.com/profile_images/1315862022/GEDC2478_normal.JPG
145,RAFAELGOESCOSTA,378160702,279,699,200,160,6.04,2.29,1.51,200,0.0,0.005,0.635,0.0,0.0,0.36,0.0,28.57,2228.53,47.21,41,1.02,http://pbs.twimg.com/profile_images/553990456191614977/z9qSjGLQ_normal.jpeg,https://pbs.twimg.com/profile_images/553990456191614977/z9qSjGLQ_normal.jpeg
146,OscarAdv,635648411,2331,4522,200,130,1.00,0.00,0.00,200,0.135,0.25,0.37,0.005,0.005,0.0,0.235,28.57,743.10,27.26,15,1.36,http://pbs.twimg.com/profile_images/955077368799989760/G4ffV8R-_normal.jpg,https://pbs.twimg.com/profile_images/955077368799989760/G4ffV8R-_normal.jpg
147,angelo20054,1541975960,213,1193,200,164,3900.87,100548087.62,10027.37,200,0.27,0.11,0.305,0.055,0.045,0.05,0.165,28.57,399.67,19.99,40,1.67,http://pbs.twimg.com/profile_images/981098581418487808/V0knW6m7_normal.jpg,https://pbs.twimg.com/profile_images/981098581418487808/V0knW6m7_normal.jpg
148,CRF_Alison_,837080964169871365,921,3365,200,160,384.26,412122.84,641.97,200,0.13,0.1,0.135,0.18,0.2,0.08,0.175,28.57,66.82,8.17,30,2.14,http://pbs.twimg.com/profile_images/1006025742709338120/c7nD6I0A_normal.jpg,https://pbs.twimg.com/profile_images/1006025742709338120/c7nD6I0A_normal.jpg
149,diesgu,842800152,71306,68237,200,167,109.06,15255.10,123.51,200,0.0,0.185,0.38,0.335,0.1,0.0,0.0,28.57,902.82,30.05,5,1.00,http://pbs.twimg.com/profile_images/1006399548938444800/cuOntJXi_normal.jpg,https://pbs.twimg.com/profile_images/1006399548938444800/cuOntJXi_normal.jpg
150,talivv2,3598771949,452,561,200,179,126.70,27627.00,166.21,200,0.0,0.0,0.0,0.805,0.195,0.0,0.0,28.57,3103.96,55.71,40,1.82,http://pbs.twimg.com/profile_images/1006615884666982403/F8o6meTA_normal.jpg,https://pbs.twimg.com/profile_images/1006615884666982403/F8o6meTA_normal.jpg
151,jairosantana_7,4889984231,10683,9236,200,171,440.68,434888.58,659.46,200,0.125,0.165,0.07,0.23,0.075,0.025,0.31,28.57,343.67,18.54,1,1.00,http://pbs.twimg.com/profile_images/976653710649692160/BnK1PlM8_normal.jpg,https://pbs.twimg.com/profile_images/976653710649692160/BnK1PlM8_normal.jpg
152,Lucaschaoandre,2962064481,30122,22802,200,172,162.06,26410.41,162.51,200,0.0,0.0,0.17,0.695,0.135,0.0,0.0,28.57,2213.10,47.04,7,1.00,http://pbs.twimg.com/profile_images/1007127566317248512/RoaMZump_normal.jpg,https://pbs.twimg.com/profile_images/1007127566317248512/RoaMZump_normal.jpg
153,OclecioJ,2899120246,34224,33341,200,169,3398.49,29111220.76,5395.48,200,0.07,0.115,0.06,0.08,0.285,0.27,0.12,28.57,307.39,17.53,2,2.00,http://pbs.twimg.com/profile_images/999004974922137600/uaJgAs1b_normal.jpg,https://pbs.twimg.com/profile_images/999004974922137600/uaJgAs1b_normal.jpg
154,retardomax,936546442667331585,2139,4825,200,172,10743.36,472284666.09,21732.11,200,0.11,0.16,0.22,0.17,0.12,0.115,0.105,28.57,61.67,7.85,44,1.05,http://pbs.twimg.com/profile_images/957634827771174913/RBTJhwM5_normal.jpg,https://pbs.twimg.com/profile_images/957634827771174913/RBTJhwM5_normal.jpg
155,maartinscrf,828041722244509696,8367,7448,200,164,1135.71,5555654.83,2357.04,200,0.13,0.25,0.125,0.12,0.125,0.08,0.17,28.57,99.96,10.00,48,1.66,http://pbs.twimg.com/profile_images/1005633138377265154/Vpr6Qevm_normal.jpg,https://pbs.twimg.com/profile_images/1005633138377265154/Vpr6Qevm_normal.jpg
156,WallJunior97,715880045995245568,643,560,200,163,774.04,1639829.37,1280.56,200,0.11,0.085,0.105,0.325,0.26,0.02,0.095,28.57,400.82,20.02,15,1.50,http://pbs.twimg.com/profile_images/975755098986110982/CNECdUaO_normal.jpg,https://pbs.twimg.com/profile_images/975755098986110982/CNECdUaO_normal.jpg
157,_miguelcrf,902657120344182804,3132,2963,200,171,457.18,406156.41,637.30,200,0.195,0.17,0.25,0.205,0.03,0.0,0.15,28.57,297.10,17.24,19,1.36,http://pbs.twimg.com/profile_images/1005893982440902656/1iKl2ynO_normal.jpg,https://pbs.twimg.com/profile_images/1005893982440902656/1iKl2ynO_normal.jpg
158,Paquetamec,948401910255620096,22822,6496,200,163,90.39,15056.27,122.70,200,0.0,0.0,0.575,0.41,0.015,0.0,0.0,28.57,2034.82,45.11,2,1.00,http://pbs.twimg.com/profile_images/966503958054363136/O_5qrAMY_normal.jpg,https://pbs.twimg.com/profile_images/966503958054363136/O_5qrAMY_normal.jpg
159,pxbrisei,334039907,87844,31479,200,55,155395.16,24010780477.08,154954.12,62,0.12903225806451613,0.20967741935483872,0.14516129032258066,0.12903225806451613,0.1774193548387097,0.11290322580645161,0.0967741935483871,8.86,4.98,2.23,0,0.00,http://pbs.twimg.com/profile_images/1007011240231800832/3whyq2yx_normal.jpg,https://pbs.twimg.com/profile_images/1007011240231800832/3whyq2yx_normal.jpg
160,jonathancrf_,3425057692,22821,15823,200,171,1660.29,3671874.46,1916.21,200,0.225,0.155,0.07,0.25,0.12,0.075,0.105,28.57,172.82,13.15,4,1.00,http://pbs.twimg.com/profile_images/1005576619950567424/bN2u7vmJ_normal.jpg,https://pbs.twimg.com/profile_images/1005576619950567424/bN2u7vmJ_normal.jpg
161,marcospostura,928765100781162496,3076,3579,200,187,35129.59,2031061810.71,45067.30,200,0.195,0.125,0.145,0.09,0.125,0.125,0.195,28.57,52.53,7.25,2,1.00,http://pbs.twimg.com/profile_images/997511606585016320/8yx__dnp_normal.jpg,https://pbs.twimg.com/profile_images/997511606585016320/8yx__dnp_normal.jpg
162,euurodriigo,2774585069,14924,5793,200,174,171.89,50439.74,224.59,200,0.0,0.0,0.31,0.605,0.085,0.0,0.0,28.57,1865.67,43.19,0,0.00,http://pbs.twimg.com/profile_images/1002634960010956800/Mu51m3j1_normal.jpg,https://pbs.twimg.com/profile_images/1002634960010956800/Mu51m3j1_normal.jpg
163,mgcitours,953583639148851206,6184,5460,200,179,926.83,1393951.25,1180.66,200,0.125,0.09,0.16,0.195,0.285,0.11,0.035,28.57,223.10,14.94,0,0.00,http://pbs.twimg.com/profile_images/993694120127422470/AJBtSruY_normal.jpg,https://pbs.twimg.com/profile_images/993694120127422470/AJBtSruY_normal.jpg
164,bebispatroa,981174243193847808,410,2097,200,161,275.08,264218.84,514.02,200,0.23,0.105,0.13,0.165,0.09,0.055,0.225,28.57,153.96,12.41,15,1.00,http://pbs.twimg.com/profile_images/1004916702407200769/8Hno4GNF_normal.jpg,https://pbs.twimg.com/profile_images/1004916702407200769/8Hno4GNF_normal.jpg
165,ClubeTimBetaPI,1230183631,877,745,200,186,22752.86,792042023.79,28143.24,200,0.14,0.205,0.195,0.09,0.165,0.07,0.135,28.57,87.10,9.33,100,1.05,http://pbs.twimg.com/profile_images/977528944621744133/W4Zubvn__normal.jpg,https://pbs.twimg.com/profile_images/977528944621744133/W4Zubvn__normal.jpg
166,NatanWas,939013127277985794,661,355,200,187,1.20,0.62,0.79,200,0.215,0.0,0.12,0.12,0.19,0.0,0.355,28.57,538.82,23.21,3,1.00,http://pbs.twimg.com/profile_images/939017572191580161/e3hfJ7I-_normal.jpg,https://pbs.twimg.com/profile_images/939017572191580161/e3hfJ7I-_normal.jpg
167,Rodiguinho29,1473183006,166,206,200,173,1.84,1.48,1.22,200,0.0,0.0,0.0,0.3,0.075,0.35,0.275,28.57,862.24,29.36,166,1.00,http://pbs.twimg.com/profile_images/909478810994790400/I0e76SkJ_normal.jpg,https://pbs.twimg.com/profile_images/909478810994790400/I0e76SkJ_normal.jpg
168,Edeilsonrc,916207600697520128,1506,1761,200,173,1.32,0.52,0.72,200,0.0,0.35,0.32,0.31,0.0,0.0,0.02,28.57,1020.24,31.94,0,0.00,http://pbs.twimg.com/profile_images/916210721142255616/Uko8zbMt_normal.jpg,https://pbs.twimg.com/profile_images/916210721142255616/Uko8zbMt_normal.jpg
169,adilsonafb,809493506897170438,864,1419,200,156,1.19,0.16,0.39,200,0.215,0.31,0.1,0.0,0.095,0.24,0.04,28.57,443.96,21.07,7,7.00,http://pbs.twimg.com/profile_images/911172565393166336/RFuWP7Q0_normal.jpg,https://pbs.twimg.com/profile_images/911172565393166336/RFuWP7Q0_normal.jpg
170,AdilsonDeFrana4,980478432592134145,422,706,200,129,1.00,0.00,0.00,200,0.215,0.245,0.12,0.3,0.0,0.12,0.0,28.57,469.67,21.67,5,1.00,http://abs.twimg.com/sticky/default_profile_images/default_profile_normal.png,https://abs.twimg.com/sticky/default_profile_images/default_profile_normal.png
171,SobRenato,990540987205406722,159,346,200,171,1.20,0.38,0.62,200,0.365,0.15,0.005,0.12,0.015,0.22,0.125,28.57,523.10,22.87,110,1.05,http://pbs.twimg.com/profile_images/1005288269532278784/ynlhUXSL_normal.jpg,https://pbs.twimg.com/profile_images/1005288269532278784/ynlhUXSL_normal.jpg
172,dougllasbasttos,264543752,652,751,200,162,1.12,0.38,0.61,200,0.015,0.005,0.29,0.155,0.305,0.21,0.02,28.57,588.82,24.27,68,1.00,http://pbs.twimg.com/profile_images/865353248907067392/kGvCHlri_normal.jpg,https://pbs.twimg.com/profile_images/865353248907067392/kGvCHlri_normal.jpg
173,blevda,954011112088981505,544,1341,200,166,5570.86,145346838.36,12055.99,200,0.11,0.09,0.13,0.16,0.205,0.195,0.11,28.57,68.53,8.28,87,1.30,http://pbs.twimg.com/profile_images/1007438286623821824/jSs3EdsB_normal.jpg,https://pbs.twimg.com/profile_images/1007438286623821824/jSs3EdsB_normal.jpg
174,fransuardantas,1832433452,2036,5000,200,162,1.85,1.39,1.18,200,0.0,0.0,0.805,0.19,0.005,0.0,0.0,28.57,3093.10,55.62,201,3.72,http://pbs.twimg.com/profile_images/1003782287136382981/2AHSmse1_normal.jpg,https://pbs.twimg.com/profile_images/1003782287136382981/2AHSmse1_normal.jpg
175,LaydeMary,2540170968,4086,4850,200,173,10.39,185.95,13.64,200,0.0,0.0,0.57,0.425,0.005,0.0,0.0,28.57,2072.53,45.53,24,1.41,http://pbs.twimg.com/profile_images/993293436651540480/mB_GhLWX_normal.jpg,https://pbs.twimg.com/profile_images/993293436651540480/mB_GhLWX_normal.jpg
176,Francis27085625,4614300455,498,516,200,184,1.12,0.53,0.73,200,0.12,0.0,0.335,0.31,0.02,0.095,0.12,28.57,592.53,24.34,2,1.00,http://pbs.twimg.com/profile_images/997401419333357573/0dB7Gnyw_normal.jpg,https://pbs.twimg.com/profile_images/997401419333357573/0dB7Gnyw_normal.jpg
177,CristianSilvaRT,862297729120313344,76,220,200,174,3.28,8.60,2.93,200,0.0,0.0,0.54,0.0,0.02,0.265,0.175,28.57,1428.53,37.80,25,1.47,http://pbs.twimg.com/profile_images/862373838289502208/hK1hrSXz_normal.jpg,https://pbs.twimg.com/profile_images/862373838289502208/hK1hrSXz_normal.jpg
178,mariojfla,224833623,11291,3141,200,169,984.82,3337947.90,1827.01,200,0.21,0.14,0.04,0.125,0.11,0.18,0.195,28.57,117.67,10.85,12,1.00,http://pbs.twimg.com/profile_images/883859596040953856/JC0_X34e_normal.jpg,https://pbs.twimg.com/profile_images/883859596040953856/JC0_X34e_normal.jpg
179,_janainadejesus,976128992037298177,282,317,200,179,2372.25,11846973.47,3441.94,200,0.185,0.205,0.08,0.25,0.195,0.035,0.05,28.57,251.67,15.86,3,1.00,http://pbs.twimg.com/profile_images/1007231972622716928/LyGNP6XF_normal.jpg,https://pbs.twimg.com/profile_images/1007231972622716928/LyGNP6XF_normal.jpg
180,Rosilen68042075,996190029021138945,328,1254,200,168,7.35,162.50,12.75,200,0.06,0.02,0.21,0.135,0.12,0.015,0.44,28.57,752.53,27.43,12,1.50,http://pbs.twimg.com/profile_images/996191650794926080/KhG7OHEA_normal.jpg,https://pbs.twimg.com/profile_images/996191650794926080/KhG7OHEA_normal.jpg
181,Lucasmenesesso2,774673496060358656,1092,1419,200,130,1.00,0.00,0.00,200,0.0,0.0,0.625,0.3,0.075,0.0,0.0,28.57,1962.24,44.30,168,1.01,http://pbs.twimg.com/profile_images/857401388250406912/IXS_cZUX_normal.jpg,https://pbs.twimg.com/profile_images/857401388250406912/IXS_cZUX_normal.jpg
182,OscarAdv,635648411,2331,4522,200,130,1.00,0.00,0.00,200,0.135,0.25,0.37,0.005,0.005,0.0,0.235,28.57,743.10,27.26,15,1.36,http://pbs.twimg.com/profile_images/955077368799989760/G4ffV8R-_normal.jpg,https://pbs.twimg.com/profile_images/955077368799989760/G4ffV8R-_normal.jpg
183,RodrigoMuller2,422641511,942,615,200,164,7420.91,357862961.86,18917.27,200,0.04,0.08,0.16,0.05,0.34,0.025,0.305,28.57,585.67,24.20,107,1.02,http://pbs.twimg.com/profile_images/1006314129135726592/02X_9-RH_normal.jpg,https://pbs.twimg.com/profile_images/1006314129135726592/02X_9-RH_normal.jpg
184,CaiqueSamuel,315402210,1013,1022,200,140,1.00,0.00,0.00,200,0.145,0.145,0.345,0.365,0.0,0.0,0.0,28.57,865.39,29.42,123,1.00,http://pbs.twimg.com/profile_images/605140889988677635/mDFwd7dV_normal.jpg,https://pbs.twimg.com/profile_images/605140889988677635/mDFwd7dV_normal.jpg
185,oiimirian,556255592,521,425,200,178,45085.48,4557656150.60,67510.42,200,0.245,0.18,0.125,0.105,0.045,0.055,0.245,28.57,235.96,15.36,31,1.00,http://pbs.twimg.com/profile_images/1007344316514275328/oWtiX-3K_normal.jpg,https://pbs.twimg.com/profile_images/1007344316514275328/oWtiX-3K_normal.jpg
186,MonteiLima,4236793575,1413,2336,200,160,1.13,0.31,0.56,200,0.47,0.025,0.18,0.01,0.02,0.265,0.03,28.57,1043.96,32.31,141,1.00,http://pbs.twimg.com/profile_images/724950280144609282/fBuswQRt_normal.jpg,https://pbs.twimg.com/profile_images/724950280144609282/fBuswQRt_normal.jpg
187,braga1970,1089100753,9015,6783,200,142,1.00,0.00,0.00,200,0.22,0.41,0.12,0.195,0.055,0.0,0.0,28.57,737.67,27.16,6,1.00,http://pbs.twimg.com/profile_images/763087813566922752/62YBMhzO_normal.jpg,https://pbs.twimg.com/profile_images/763087813566922752/62YBMhzO_normal.jpg
188,MedalhaAssuncao,993610182381973504,404,371,200,177,1.21,0.47,0.69,200,0.0,0.325,0.415,0.26,0.0,0.0,0.0,28.57,1157.67,34.02,13,1.00,http://pbs.twimg.com/profile_images/993877551696183296/3FY8ENgi_normal.jpg,https://pbs.twimg.com/profile_images/993877551696183296/3FY8ENgi_normal.jpg
189,elizang83234211,968586246221115395,305,427,200,178,1.16,0.51,0.71,200,0.005,0.0,0.0,0.41,0.34,0.0,0.245,28.57,1147.96,33.88,71,1.03,http://abs.twimg.com/sticky/default_profile_images/default_profile_normal.png,https://abs.twimg.com/sticky/default_profile_images/default_profile_normal.png
190,DrikinhaRBorges,792717865568862212,821,1173,200,130,1.00,0.00,0.00,200,0.205,0.12,0.07,0.24,0.12,0.125,0.12,28.57,117.10,10.82,5,1.00,http://pbs.twimg.com/profile_images/853209820425539584/NtjYEJII_normal.jpg,https://pbs.twimg.com/profile_images/853209820425539584/NtjYEJII_normal.jpg
191,LeeSampaioS5,3645073577,612,923,200,185,1.23,0.48,0.69,200,0.26,0.215,0.0,0.525,0.0,0.0,0.0,28.57,1409.10,37.54,0,0.00,http://pbs.twimg.com/profile_images/957745661507719168/EdPhbyML_normal.jpg,https://pbs.twimg.com/profile_images/957745661507719168/EdPhbyML_normal.jpg
192,RodrigoMuller2,422641511,942,615,200,164,7420.91,357862961.86,18917.27,200,0.04,0.08,0.16,0.05,0.34,0.025,0.305,28.57,585.67,24.20,107,1.02,http://pbs.twimg.com/profile_images/1006314129135726592/02X_9-RH_normal.jpg,https://pbs.twimg.com/profile_images/1006314129135726592/02X_9-RH_normal.jpg
193,caivanomichel,569428502,88,628,200,165,23.05,804.91,28.37,200,0.0,0.155,0.66,0.185,0.0,0.0,0.0,28.57,2005.67,44.78,59,2.68,http://pbs.twimg.com/profile_images/665730229869129728/yFkwCzo-_normal.jpg,https://pbs.twimg.com/profile_images/665730229869129728/yFkwCzo-_normal.jpg
194,LRauc,866001417802330116,946,1490,200,187,36839.11,2037249824.77,45135.90,200,0.145,0.145,0.28,0.14,0.105,0.075,0.11,28.57,148.24,12.18,0,0.00,http://pbs.twimg.com/profile_images/998624957868326918/e511TYrk_normal.jpg,https://pbs.twimg.com/profile_images/998624957868326918/e511TYrk_normal.jpg
195,marcos_lica,880217995901104128,949,1455,200,133,1.00,0.00,0.00,200,0.0,0.105,0.215,0.25,0.095,0.335,0.0,28.57,560.82,23.68,29,1.00,http://pbs.twimg.com/profile_images/882350555594543104/Q8L18_79_normal.jpg,https://pbs.twimg.com/profile_images/882350555594543104/Q8L18_79_normal.jpg
196,LekkoMr,42585102,1750,2816,200,158,351.56,270330.17,519.93,200,0.305,0.275,0.1,0.08,0.02,0.105,0.115,28.57,381.96,19.54,28,2.55,http://pbs.twimg.com/profile_images/1004068715904815104/kJkA1W95_normal.jpg,https://pbs.twimg.com/profile_images/1004068715904815104/kJkA1W95_normal.jpg
197,HoracianS,990040304878280709,991,1504,200,121,1.00,0.00,0.00,200,0.21,0.06,0.06,0.185,0.2,0.025,0.26,28.57,290.82,17.05,1,1.00,http://pbs.twimg.com/profile_images/990042319033372672/oi0IZwiR_normal.jpg,https://pbs.twimg.com/profile_images/990042319033372672/oi0IZwiR_normal.jpg
198,Muhammadleandro,2806359472,98,690,200,176,30479.49,1934907988.49,43987.59,200,0.155,0.105,0.065,0.14,0.085,0.22,0.23,28.57,140.24,11.84,26,1.86,http://pbs.twimg.com/profile_images/866311164183097344/mv_PUKDg_normal.jpg,https://pbs.twimg.com/profile_images/866311164183097344/mv_PUKDg_normal.jpg
199,JCOLET,52544027,120602,120706,200,166,4026.71,33779846.84,5812.04,200,0.15,0.17,0.205,0.16,0.145,0.085,0.085,28.57,66.53,8.16,13,1.44,http://pbs.twimg.com/profile_images/1004516628363726848/ZAScWPFQ_normal.jpg,https://pbs.twimg.com/profile_images/1004516628363726848/ZAScWPFQ_normal.jpg
200,WellersonZeiro,38848418,16346,16310,200,170,1011.66,1987096.35,1409.64,200,0.13,0.3,0.125,0.17,0.075,0.085,0.115,28.57,197.96,14.07,13,1.00,http://pbs.twimg.com/profile_images/943503872491999232/wGPRBsCW_normal.jpg,https://pbs.twimg.com/profile_images/943503872491999232/wGPRBsCW_normal.jpg
201,MarlonVasco88,869924966527053825,871,2211,200,168,1.11,0.37,0.61,200,0.13,0.415,0.055,0.125,0.0,0.215,0.06,28.57,655.67,25.61,283,1.56,http://pbs.twimg.com/profile_images/973660915525718017/GdSBUn8u_normal.jpg,https://pbs.twimg.com/profile_images/973660915525718017/GdSBUn8u_normal.jpg
202,amandsbpgalo,740879431372263424,508,550,200,184,15303.71,591953676.79,24330.10,200,0.265,0.14,0.095,0.12,0.1,0.09,0.19,28.57,140.53,11.85,10,1.43,http://pbs.twimg.com/profile_images/1005461527091085312/Hzp7Y2FP_normal.jpg,https://pbs.twimg.com/profile_images/1005461527091085312/Hzp7Y2FP_normal.jpg
203,Bearolival,862433001237512192,2302,522,200,169,1748.09,8407381.69,2899.55,200,0.135,0.18,0.15,0.31,0.05,0.035,0.14,28.57,283.96,16.85,0,0.00,http://pbs.twimg.com/profile_images/998252124281556994/4CjpFrGK_normal.jpg,https://pbs.twimg.com/profile_images/998252124281556994/4CjpFrGK_normal.jpg
204,Julio_CAM_13,487800284,1243,966,200,179,5732.13,57271344.62,7567.78,200,0.125,0.25,0.155,0.18,0.09,0.13,0.07,28.57,123.39,11.11,39,1.70,http://pbs.twimg.com/profile_images/993802340867149824/C7Z7dXud_normal.jpg,https://pbs.twimg.com/profile_images/993802340867149824/C7Z7dXud_normal.jpg
205,Thalles98878370,967415117116780544,137,570,200,170,10686.91,357668489.75,18912.13,200,0.2,0.18,0.32,0.05,0.11,0.07,0.07,28.57,321.96,17.94,24,1.00,http://pbs.twimg.com/profile_images/985979116477394948/jMKxmXcT_normal.jpg,https://pbs.twimg.com/profile_images/985979116477394948/jMKxmXcT_normal.jpg
206,igormirandasite,2357908862,1564,3044,200,172,3650.47,14955119.21,3867.18,200,0.21,0.185,0.185,0.155,0.12,0.075,0.07,28.57,106.53,10.32,0,0.00,http://pbs.twimg.com/profile_images/982044641649455104/MsD3M4c1_normal.jpg,https://pbs.twimg.com/profile_images/982044641649455104/MsD3M4c1_normal.jpg
207,MinasDipepe,328834558,5429,3079,200,191,43571.12,2308685703.68,48048.78,200,0.08,0.105,0.185,0.175,0.135,0.09,0.23,28.57,106.53,10.32,16,1.23,http://pbs.twimg.com/profile_images/966075860322222080/ZvZignLE_normal.jpg,https://pbs.twimg.com/profile_images/966075860322222080/ZvZignLE_normal.jpg
208,atleticanosegue,4824599957,10713,7817,200,186,16648.34,468775159.62,21651.22,200,0.095,0.145,0.12,0.245,0.055,0.135,0.205,28.57,142.24,11.93,21,1.40,http://pbs.twimg.com/profile_images/997944192922894336/T2Xr0oVE_normal.jpg,https://pbs.twimg.com/profile_images/997944192922894336/T2Xr0oVE_normal.jpg
209,CaetanoAndr,400812897,1366,1446,200,159,216.77,98929.27,314.53,200,0.045,0.055,0.12,0.195,0.17,0.16,0.255,28.57,195.10,13.97,13,1.18,http://pbs.twimg.com/profile_images/996938348848697344/J5ddEsly_normal.jpg,https://pbs.twimg.com/profile_images/996938348848697344/J5ddEsly_normal.jpg
210,eaiFeu,3378397420,10818,10865,200,172,222.26,49316.90,222.07,200,0.0,0.045,0.27,0.62,0.065,0.0,0.0,28.57,1832.53,42.81,4,1.00,http://pbs.twimg.com/profile_images/999739102881894400/U5j10qvC_normal.jpg,https://pbs.twimg.com/profile_images/999739102881894400/U5j10qvC_normal.jpg
211,GaloCarrancas,2709941886,834,1000,200,151,1107.17,6119511.78,2473.76,200,0.05,0.015,0.09,0.175,0.045,0.24,0.385,28.57,608.24,24.66,6,1.50,http://pbs.twimg.com/profile_images/695358514491822080/WUT4kRW2_normal.jpg,https://pbs.twimg.com/profile_images/695358514491822080/WUT4kRW2_normal.jpg
212,claudineyaguiar,718840163514904577,17802,19614,200,155,666.19,1373213.52,1171.84,200,0.065,0.085,0.155,0.35,0.075,0.145,0.125,28.57,327.96,18.11,3,1.00,http://pbs.twimg.com/profile_images/970343873296953344/goO7MdTy_normal.jpg,https://pbs.twimg.com/profile_images/970343873296953344/goO7MdTy_normal.jpg
213,NandocTymoteo,342262955,1496,4090,200,157,945.56,5032087.75,2243.23,200,0.065,0.13,0.145,0.14,0.115,0.05,0.355,28.57,346.53,18.62,70,1.49,http://pbs.twimg.com/profile_images/956330642828070913/n36-Xb1Y_normal.jpg,https://pbs.twimg.com/profile_images/956330642828070913/n36-Xb1Y_normal.jpg
214,marcipiccola,76734971,5858,6397,200,168,106.73,12549.47,112.02,200,0.0,0.0,0.55,0.28,0.17,0.0,0.0,28.57,1525.39,39.06,5,1.00,http://pbs.twimg.com/profile_images/1000870835354259456/KAYy8iJ8_normal.jpg,https://pbs.twimg.com/profile_images/1000870835354259456/KAYy8iJ8_normal.jpg
215,rmarques13,229959367,2889,2105,200,164,947.96,1926374.81,1387.94,200,0.03,0.38,0.15,0.18,0.08,0.04,0.14,28.57,485.39,22.03,0,0.00,http://pbs.twimg.com/profile_images/955893062869405696/GX6VdUfp_normal.jpg,https://pbs.twimg.com/profile_images/955893062869405696/GX6VdUfp_normal.jpg
216,RicardoLara08,41922237,196,494,200,172,4071.37,34399246.69,5865.09,200,0.045,0.065,0.17,0.29,0.095,0.15,0.185,28.57,240.82,15.52,10,1.00,http://pbs.twimg.com/profile_images/1006341913421799425/aDWspp8r_normal.jpg,https://pbs.twimg.com/profile_images/1006341913421799425/aDWspp8r_normal.jpg
217,brunocgecma,141329005,486,501,200,188,34985.87,2417493207.02,49168.01,200,0.23,0.215,0.075,0.105,0.065,0.045,0.265,28.57,282.24,16.80,50,1.19,http://pbs.twimg.com/profile_images/847870648374448137/4E2MnM7U_normal.jpg,https://pbs.twimg.com/profile_images/847870648374448137/4E2MnM7U_normal.jpg
218,kendall_ec,1004139642877292544,995,875,200,170,252.54,120205.78,346.71,200,0.085,0.14,0.18,0.115,0.01,0.285,0.185,28.57,257.96,16.06,1,1.00,http://pbs.twimg.com/profile_images/1007231764710866945/HGU0Dp6G_normal.jpg,https://pbs.twimg.com/profile_images/1007231764710866945/HGU0Dp6G_normal.jpg
219,raphamartins90,906884908584488960,1384,1893,200,172,13465.45,498261964.27,22321.78,200,0.185,0.195,0.12,0.185,0.11,0.03,0.175,28.57,123.67,11.12,7,1.17,http://pbs.twimg.com/profile_images/1006886170855378944/FGeMrDz3_normal.jpg,https://pbs.twimg.com/profile_images/1006886170855378944/FGeMrDz3_normal.jpg
220,Mauro26TA,2777216294,14639,13668,200,157,3750.69,122526887.78,11069.19,200,0.07,0.115,0.095,0.15,0.125,0.215,0.23,28.57,123.10,11.10,9,1.80,http://pbs.twimg.com/profile_images/1001403631168565248/dxElB6Ej_normal.jpg,https://pbs.twimg.com/profile_images/1001403631168565248/dxElB6Ej_normal.jpg
221,eudorgado,2569808306,51238,31554,200,142,116906.09,24983642042.51,158062.15,163,0.11042944785276074,0.17177914110429449,0.15950920245398773,0.1165644171779141,0.1901840490797546,0.1165644171779141,0.13496932515337423,23.29,22.20,4.71,6,1.00,http://pbs.twimg.com/profile_images/710869923388456960/kK7bdV9O_normal.jpg,https://pbs.twimg.com/profile_images/710869923388456960/kK7bdV9O_normal.jpg
222,MartinsAmore,977304912081096704,2056,3930,200,170,2720.44,18170589.15,4262.70,200,0.11,0.085,0.19,0.16,0.065,0.175,0.215,28.57,109.96,10.49,1,1.00,http://pbs.twimg.com/profile_images/989578858855911424/odX8rbBL_normal.jpg,https://pbs.twimg.com/profile_images/989578858855911424/odX8rbBL_normal.jpg
223,leobrodrigues,80362438,6395,4065,200,167,813.79,1045625.00,1022.56,200,0.015,0.105,0.305,0.32,0.15,0.075,0.03,28.57,530.53,23.03,23,1.10,http://pbs.twimg.com/profile_images/378800000595049258/f418332ab7cec356540906d54866e5be_normal.jpeg,https://pbs.twimg.com/profile_images/378800000595049258/f418332ab7cec356540906d54866e5be_normal.jpeg
224,MuratoriBR,988711765,288,722,200,179,27299.99,1461912418.71,38234.96,200,0.2,0.1,0.175,0.145,0.15,0.08,0.15,28.57,58.24,7.63,37,1.28,http://pbs.twimg.com/profile_images/744691880697421824/dRNSAylV_normal.jpg,https://pbs.twimg.com/profile_images/744691880697421824/dRNSAylV_normal.jpg
225,OliiverSiilva,744606836339384320,1536,4999,200,167,7067.29,215489270.60,14679.55,200,0.11,0.22,0.185,0.135,0.085,0.12,0.145,28.57,72.82,8.53,63,1.34,http://pbs.twimg.com/profile_images/989293221791567873/jInRn6W2_normal.jpg,https://pbs.twimg.com/profile_images/989293221791567873/jInRn6W2_normal.jpg
226,elaineonca,3001681436,740,2821,200,161,276.50,245783.07,495.77,200,0.135,0.1,0.105,0.075,0.11,0.29,0.185,28.57,185.39,13.62,18,1.29,http://pbs.twimg.com/profile_images/975460478012022784/3iZJddQD_normal.jpg,https://pbs.twimg.com/profile_images/975460478012022784/3iZJddQD_normal.jpg
227,Eurico_SLZ,2575922651,173,946,200,184,13222.08,261300541.19,16164.79,200,0.17,0.2,0.225,0.16,0.1,0.08,0.065,28.57,130.82,11.44,18,1.06,http://pbs.twimg.com/profile_images/473178604873220097/sFelmQvO_normal.jpeg,https://pbs.twimg.com/profile_images/473178604873220097/sFelmQvO_normal.jpeg
228,RubilarSantos,505198700,159,625,200,152,2056.73,29385070.50,5420.80,200,0.035,0.02,0.085,0.185,0.1,0.035,0.54,28.57,1160.24,34.06,1,1.00,http://pbs.twimg.com/profile_images/1989046818/MACACO_normal.jpg,https://pbs.twimg.com/profile_images/1989046818/MACACO_normal.jpg
229,StepTeamPoker,3092303043,622,1236,200,182,129496.35,18865048068.05,137350.09,200,0.195,0.16,0.17,0.095,0.195,0.065,0.12,28.57,87.67,9.36,142,2.06,http://pbs.twimg.com/profile_images/897133157048356864/zqzSTgAX_normal.jpg,https://pbs.twimg.com/profile_images/897133157048356864/zqzSTgAX_normal.jpg
230,RodrigoMuller2,422641511,942,615,200,164,7420.91,357862961.86,18917.27,200,0.04,0.08,0.16,0.05,0.34,0.025,0.305,28.57,585.67,24.20,107,1.02,http://pbs.twimg.com/profile_images/1006314129135726592/02X_9-RH_normal.jpg,https://pbs.twimg.com/profile_images/1006314129135726592/02X_9-RH_normal.jpg
231,Rafaelgomesmon1,877251136742445056,4672,4941,200,123,1.00,0.00,0.00,200,0.145,0.095,0.11,0.12,0.095,0.19,0.245,28.57,107.67,10.38,5,1.00,http://pbs.twimg.com/profile_images/877251919072428032/Zt3sY-g1_normal.jpg,https://pbs.twimg.com/profile_images/877251919072428032/Zt3sY-g1_normal.jpg
232,JulianaSilviaB1,869960595927429121,9918,10559,200,125,1.00,0.00,0.00,200,0.12,0.12,0.12,0.16,0.24,0.24,0.0,28.57,235.10,15.33,6,1.00,http://pbs.twimg.com/profile_images/871206786040246272/T08uzw_2_normal.jpg,https://pbs.twimg.com/profile_images/871206786040246272/T08uzw_2_normal.jpg
233,oiimirian,556255592,521,425,200,178,45085.48,4557656150.60,67510.42,200,0.245,0.18,0.125,0.105,0.045,0.055,0.245,28.57,235.96,15.36,31,1.00,http://pbs.twimg.com/profile_images/1007344316514275328/oWtiX-3K_normal.jpg,https://pbs.twimg.com/profile_images/1007344316514275328/oWtiX-3K_normal.jpg
234,Francis27085625,4614300455,498,516,200,184,1.12,0.53,0.73,200,0.12,0.0,0.335,0.31,0.02,0.095,0.12,28.57,592.53,24.34,2,1.00,http://pbs.twimg.com/profile_images/997401419333357573/0dB7Gnyw_normal.jpg,https://pbs.twimg.com/profile_images/997401419333357573/0dB7Gnyw_normal.jpg
235,CristianSilvaRT,862297729120313344,76,220,200,174,3.28,8.60,2.93,200,0.0,0.0,0.54,0.0,0.02,0.265,0.175,28.57,1428.53,37.80,25,1.47,http://pbs.twimg.com/profile_images/862373838289502208/hK1hrSXz_normal.jpg,https://pbs.twimg.com/profile_images/862373838289502208/hK1hrSXz_normal.jpg
236,Ricknet1,57381684,819,1059,200,163,1.13,0.44,0.66,200,0.29,0.07,0.385,0.135,0.01,0.1,0.01,28.57,701.67,26.49,137,1.00,http://pbs.twimg.com/profile_images/968837902041042945/ViTXXfuP_normal.jpg,https://pbs.twimg.com/profile_images/968837902041042945/ViTXXfuP_normal.jpg
237,MonteiLima,4236793575,1413,2336,200,160,1.13,0.31,0.56,200,0.47,0.025,0.18,0.01,0.02,0.265,0.03,28.57,1043.96,32.31,141,1.00,http://pbs.twimg.com/profile_images/724950280144609282/fBuswQRt_normal.jpg,https://pbs.twimg.com/profile_images/724950280144609282/fBuswQRt_normal.jpg
238,anarkiajeans,889859240415952898,3012,3641,200,120,1.00,0.00,0.00,200,0.095,0.215,0.475,0.0,0.215,0.0,0.0,28.57,1052.82,32.45,5,1.00,http://abs.twimg.com/sticky/default_profile_images/default_profile_normal.png,https://abs.twimg.com/sticky/default_profile_images/default_profile_normal.png
239,oblogdoheroi,769201150922985473,932,201,200,185,2071.42,4475686.77,2115.58,200,0.22,0.275,0.165,0.09,0.065,0.045,0.14,28.57,241.96,15.56,16,1.23,http://pbs.twimg.com/profile_images/954339687900106757/gyx8KHXn_normal.jpg,https://pbs.twimg.com/profile_images/954339687900106757/gyx8KHXn_normal.jpg
240,martinssimone22,831466719541657607,5668,5959,200,130,1.00,0.00,0.00,200,0.425,0.215,0.215,0.12,0.025,0.0,0.0,28.57,829.96,28.81,0,0.00,http://pbs.twimg.com/profile_images/831575806065389569/Q8_gVIt6_normal.jpg,https://pbs.twimg.com/profile_images/831575806065389569/Q8_gVIt6_normal.jpg
241,danilojsmiranda,793247817670205440,80,447,200,160,15413.73,1393777669.99,37333.33,200,0.16,0.13,0.065,0.18,0.06,0.08,0.325,28.57,296.53,17.22,34,1.00,http://pbs.twimg.com/profile_images/970049615855804416/3ULVs5uN_normal.jpg,https://pbs.twimg.com/profile_images/970049615855804416/3ULVs5uN_normal.jpg
242,lenamsqt,275359260,631,670,200,166,8354.67,215864636.74,14692.33,200,0.1,0.065,0.1,0.22,0.125,0.29,0.1,28.57,225.67,15.02,67,1.22,http://pbs.twimg.com/profile_images/980494442334511104/RVpYrZn6_normal.jpg,https://pbs.twimg.com/profile_images/980494442334511104/RVpYrZn6_normal.jpg
243,Marciovais13,876626906283683841,2228,3043,200,173,1.37,0.56,0.75,200,0.0,0.285,0.01,0.17,0.215,0.32,0.0,28.57,662.82,25.75,10,1.00,http://pbs.twimg.com/profile_images/947368651832922113/TKSO5lAu_normal.jpg,https://pbs.twimg.com/profile_images/947368651832922113/TKSO5lAu_normal.jpg
244,Laendeer,3150125290,294,293,200,189,1.06,0.47,0.69,200,0.0,0.24,0.245,0.24,0.24,0.0,0.035,28.57,521.10,22.83,23,1.00,http://pbs.twimg.com/profile_images/585998384814751744/M8NU34ZP_normal.jpg,https://pbs.twimg.com/profile_images/585998384814751744/M8NU34ZP_normal.jpg
245,xander136711,2223954845,193,731,200,186,1.11,0.50,0.71,200,0.0,0.0,0.12,0.0,0.0,0.34,0.54,28.57,1592.82,39.91,0,0.00,http://pbs.twimg.com/profile_images/759179793594249216/K3e3BIwo_normal.jpg,https://pbs.twimg.com/profile_images/759179793594249216/K3e3BIwo_normal.jpg
246,ThieniNakamura,992464565450485760,295,365,200,185,1.17,0.47,0.69,200,0.4,0.325,0.0,0.27,0.005,0.0,0.0,28.57,1118.24,33.44,0,0.00,http://abs.twimg.com/sticky/default_profile_images/default_profile_normal.png,https://abs.twimg.com/sticky/default_profile_images/default_profile_normal.png
247,LaydeMary,2540170968,4086,4850,200,173,10.39,185.95,13.64,200,0.0,0.0,0.57,0.425,0.005,0.0,0.0,28.57,2072.53,45.53,24,1.41,http://pbs.twimg.com/profile_images/993293436651540480/mB_GhLWX_normal.jpg,https://pbs.twimg.com/profile_images/993293436651540480/mB_GhLWX_normal.jpg
248,salomaobetaSDV,988813520853749762,87,439,200,136,1.00,0.00,0.00,200,0.1,0.095,0.0,0.125,0.125,0.215,0.34,28.57,395.67,19.89,1,1.00,http://pbs.twimg.com/profile_images/1000561043897311233/sa4Vzdoy_normal.jpg,https://pbs.twimg.com/profile_images/1000561043897311233/sa4Vzdoy_normal.jpg
249,fesoeira,4342442253,30,171,200,183,78053.23,12358253829.30,111167.68,200,0.275,0.165,0.19,0.145,0.11,0.055,0.06,28.57,204.82,14.31,19,1.12,http://pbs.twimg.com/profile_images/992376506725883905/O_p-zJmy_normal.jpg,https://pbs.twimg.com/profile_images/992376506725883905/O_p-zJmy_normal.jpg
250,DLBVasconcellos,103412237,76,220,200,168,107215.42,20794060126.72,144201.46,200,0.18,0.17,0.115,0.13,0.155,0.135,0.115,28.57,23.10,4.81,6,2.00,http://pbs.twimg.com/profile_images/378800000771922771/e57c69f7f51417c783bd9cadda9f5f7a_normal.jpeg,https://pbs.twimg.com/profile_images/378800000771922771/e57c69f7f51417c783bd9cadda9f5f7a_normal.jpeg
251,ThalesNarducci,2730393851,119,546,200,158,4493.37,26944501.34,5190.81,200,0.28,0.195,0.16,0.195,0.145,0.015,0.01,28.57,334.53,18.29,10,2.00,http://pbs.twimg.com/profile_images/495030039273295872/TtOvSn-g_normal.jpeg,https://pbs.twimg.com/profile_images/495030039273295872/TtOvSn-g_normal.jpeg
252,oiimirian,556255592,521,425,200,178,45085.48,4557656150.60,67510.42,200,0.245,0.18,0.125,0.105,0.045,0.055,0.245,28.57,235.96,15.36,31,1.00,http://pbs.twimg.com/profile_images/1007344316514275328/oWtiX-3K_normal.jpg,https://pbs.twimg.com/profile_images/1007344316514275328/oWtiX-3K_normal.jpg
253,matheusbechelli,858716966,328,450,200,121,1.00,0.00,0.00,200,0.235,0.265,0.0,0.0,0.285,0.215,0.0,28.57,628.82,25.08,30,1.00,http://pbs.twimg.com/profile_images/808813243351388162/tHYZLmzs_normal.jpg,https://pbs.twimg.com/profile_images/808813243351388162/tHYZLmzs_normal.jpg
254,ivecbr,2961087033,419,570,200,136,1.00,0.00,0.00,200,0.0,0.29,0.68,0.03,0.0,0.0,0.0,28.57,2311.67,48.08,145,1.00,http://abs.twimg.com/sticky/default_profile_images/default_profile_normal.png,https://abs.twimg.com/sticky/default_profile_images/default_profile_normal.png
255,Fabianorod14,758045152913059842,1121,1852,200,178,58459.24,6933105029.34,83265.27,200,0.065,0.17,0.19,0.26,0.16,0.11,0.045,28.57,192.53,13.88,43,1.07,http://pbs.twimg.com/profile_images/948333855962001408/SXeEk3FS_normal.jpg,https://pbs.twimg.com/profile_images/948333855962001408/SXeEk3FS_normal.jpg
256,LucivanioBarbo7,785445425872510976,718,725,200,161,106.88,26627.48,163.18,200,0.06,0.05,0.015,0.335,0.045,0.07,0.425,28.57,932.82,30.54,63,1.43,http://pbs.twimg.com/profile_images/976485848416964609/F7LYcIYj_normal.jpg,https://pbs.twimg.com/profile_images/976485848416964609/F7LYcIYj_normal.jpg
257,eumesmoso,2390043684,243,604,200,161,1961.16,22060532.01,4696.86,200,0.105,0.185,0.205,0.155,0.18,0.07,0.1,28.57,89.96,9.48,36,1.71,http://pbs.twimg.com/profile_images/981977069927190528/3SwbT3_x_normal.jpg,https://pbs.twimg.com/profile_images/981977069927190528/3SwbT3_x_normal.jpg
258,ThaynaSa61,760911794395353088,556,807,200,161,5116.78,160310311.65,12661.37,200,0.175,0.15,0.035,0.275,0.055,0.06,0.25,28.57,321.39,17.93,78,1.05,http://pbs.twimg.com/profile_images/990680928467980288/LoH1tfhH_normal.jpg,https://pbs.twimg.com/profile_images/990680928467980288/LoH1tfhH_normal.jpg
259,emersongg_,2649830196,701,1000,200,166,825.45,1871980.98,1368.20,200,0.23,0.2,0.115,0.115,0.075,0.12,0.145,28.57,100.24,10.01,25,1.39,http://pbs.twimg.com/profile_images/993166076333748226/oJ8N7gx__normal.jpg,https://pbs.twimg.com/profile_images/993166076333748226/oJ8N7gx__normal.jpg
